num,content,img,sticker,video,tags,widget,isad
222013905890,"# 키토치즈케이크와 홈브루잉커피 with 브라운백커피  키토치즈케이크 레시피  ​  재료  ​  생크림 150g(매일 38%유지방), (생크림은 80g정도만 넣어서 꾸덕하게 먹는 게 더 맛있는 듯)  계란 3개  크림치즈 226g(크래프트프리미엄크림치즈 한통)  소금 한꼬집  감미료 30g(나한가, 곱게 갈아서)  ​  ​  키토로 바스크치즈케이크 만들기  노슈가 노밀가루 노아몬드가루  간단하고 빠르게 베이킹 가능하다 😆  ​  모든재료는 실온에 둔 후 사용해야  뭉치지않고 빠르게 작업가능  ​    ​  ​  1.실온에 둔 크림치즈를 풀어준 후 곱게 간 감미료와 소금을 넣는다  ​  ​  2.실온에 둔 계란을 넣는다  ​  ​  ​  ​  ​  ​    ​  ​  ​  ​  3.계란과 크림치즈가 한몸이 될때까지 한방향으로 계속 섞어준다  거품이 생기지 않도록 주걱이 바닥 끝을 닿게하여 섞는다  ​  ​  4.생크림을 넣고 섞어준다  ​  ​  끗....  0​  ​  ​    ​  ​  ​  ​  크림치즈를 잘 안풀어서 몽글몽글한 부분이 좀 남아있다 ㅠㅠ 그냥 먹겠습니다..  ​  그리고 생크림을 많이넣었더니 액체질감  꾸덕하게 먹으려면 절반정도만 넣으면 된다  ​  ​  ​  ​  ​    ​  ​  ​  미니오븐등장  ​  ​  ​  미니오븐이라 열선이랑 너무 닿는 것 같아서  최대한 바깥쪽에 두고 절반이지나면 열이 그나마 고르게가라고 반대방향으로 돌려주었다  ​  예열하라는데 한 10분하다가 그냥 냅다 넣음  ​  예열 후 210도에 30분  ​  ​  ​  ​  ​  ​    ​  ​  오예완성  바스크치즈케이크지만  열선바깥으로 놔두어서인지 표면의 그을음이 덜생겼지만  노르스름한것이 맛깔나보여서 마무리  ​  유산지로 포개는것도 깜빡하고 파운드틀에 넣었지만  더 깔끔하게 떨어진다??😆  ​  ​  ​  ​  ​      ​  ​  흠 계란찜같은 비주얼  식힌 후 하루 냉장보관 후 먹으면 된당  ​  며칠 차갑게 보관한 후 먹으면 더 꿀맛임  글구 생크림은 좀더 줄인게 꾸덕해서 맛나고  감미료는 더 줄여도 담백할 듯  ​  ​  ​  ​  ​  ​  ​  ​  ​  + 브루잉커피(핸드드립)  ​  칼리타102로 드립  물이 드리퍼 벽에 닿지 않게 에스프레소를 내린다 생각하며 진하게 내려주면 초보자인 나도 잡내없이 깔끔한 드립 가능  ​    ​  ​  브라운백커피에서 브라질RFN 원두1kg구입  내최애템이다  ​  저번엔 브백에서 다른원두를 맛봤지만  나에겐 요게젤맛남  ​  샘플로 시켰던 인도몬순포레도 고소해서 맛있었다  ​  ​  ​  ​    ​  ​  ​   홈카페인데도 1kg구입  ​  신선해야 맛있지만 대용량이 가성비도 좋고   배송비도 세이브하니까 😀  ​  ​  ​  ​  ​    ​  ​  아이스로 먹을건데  집에 왕얼음이 들어갈만 한 큰 유리컵이 없다 ㅠㅠㅠ  어쩔수없이 사기컵  ​  ​  ​  ​  ​    ​  ​  왜 유리컵이 없는 것을 아쉬워하냐면  엄청난 아이스메이커를 구입했기때문  무려 7센치 지름의 투명얼음을 만들어준다  ​  ​  후훗 쥬얼아이스로 얼린 왕구슬얼음  매일하나씩 만들어서 저장해놓은 내얼음  😂😂  ​  ​  ​  ​  ​    ​  ​  짠  ​  왕얼음이 들어갈 유리컵이 있으면  더더욱 영롱했겠지만  그래도 이미 예뻐   ​  심미적이기도 하지만  얼음이 빨리녹지 않아서 커피에 희석 되지 않아  오랫동안 커피의 맛이 유지된다  ​  물론 카와텀블러에 넣어마시는게 젤로 시원하고 오래가지만 투명얼음과 함께하는 감성 홈카페 컨셉이므로   ​  ​  ​  ​  ​    세팅 후 냠냠  밑에 사각얼음을 몇개 깔아준 후 큰 왕얼음을 넣고  쉐킷쉐킷  ​  ​  ​  ​  ​      ​  고소하면서도 산미가 느껴지는 커피  오늘도 디저트까지 완성😎  ",18,1,0,0,19,0
221884667152,"# 홈베이킹-바스크 치즈케이크,스콘 (디오스 광파오븐 사용)  2월말부터 집콕모드입니다.  ​  뜨개 클래스는 사회적 거리두기의 일환으로 휴강 중이에요.  4월 클래스도 잠정 취소입니다. ㅠㅠ  ​  집에만 있자니 심심해서 홈베이킹을 하고 있어요.  ​  혹시라도 잊고 있었던 쟁여둔 마스크가 있을까해서 집안 곳곳을 발굴하기 시작했는데  마스크는 발견하지 못했고 ㅠㅠ  각종 베이킹 유물들을 발견했습니다.  (20여년전에 베이킹 한다고 사놓았던 것들을 완전 잊고 있다가 코로나 덕분에(?) 찾아냈어요!)  ​  ​  전자렌지로만 사용하던 연식 오래된 디오스 광파오븐을 1n년 만에 오븐으로 사용해보았어요.  ​  광파오븐으로는 베이킹을 해보지 않아서  온도를 어느정도로 해야할지 몰라   바스크 치즈케이크 구울 때 250도로 예열하다가 갑자기 퍽하면서 전자렌지 꺼지고 차단기 떨어져서 식겁했어요.  ​  0콘센트 확인 후 정리하고 전자렌지와 벽면과 충분한 거리만들어줘서 다시 돌려보니 이상없이 잘 작동되어서   전자렌지로만 쓰던 광파오븐을 이용해 베이킹 도전에 성공했어요.  가전제품의 재발견입니다^^  광파오븐 홈베이킹 - 바스크 치즈 케이크  ​  광파오븐으로 구운 첫번째 빵은 바스크 치즈케이크 입니다.  레시피는 네이버 검색해서 나오는 걸로 했고, 1호 케이크 틀을 사용했어요.  ​      비주얼이 예쁘진 않지만 베이킹 초보의 작품이니 그냥 감안해주세요^^  ​  처음 광파오븐을 오븐으로 사용해보았기 때문에 온도조절을 잘못해서  윗면이 너무 탔어요. 220도로 5분 예열하고 20분 정도 구웠던 것 같아요.  ​  바스크 케이크는 살짝 굽는 거라 굽고 나서 케이크가 출렁거리지만  냉장보관하고 나면 괜찮아진다고 해요.  ​  사서 먹어만 보았지, 직접 구워본 건 처음이라  이게 어느정도 출렁거리는 게 맞는 지 몰라 이상태로 보관했어요.  일단 비주얼은 그럴싸했으니까요.  밀가루를 넣지 않은 레시피를 따라했는데  너무 출렁거리는 거 같은 느낌이 살짝 들기는 했어요.  ​  ​  냉장고에서 하루 보관시킨 후,    그 다음날 잘라서 먹어보았는데,  안쪽이 덜 익었어요 ㅎㅎㅎㅎ  ​  오븐마다 입력하는 온도와 실제 온도에 차이가 있어서 몇번 구워봐야 정확한 오븐의 온도를 알 수 있다고 하던데  그런 시행착오의 일부라고 생각하고 맛있게 먹었어요.  (다행히 배탈은 안났어요 ^^ 덜익긴했지만 사먹었던 것보다 탄맛이 덜해서 만족스러웠어요.)  ​  ​  실패요인은 온도가 너무 높았던 게 아니었을까 싶어요.  바스크 치즈케이크를 광파오븐으로 구울려면   200도로 짧게 예열한 후에  20분 이상 돌리고 그 이후에는 표면 상태보면서 시간조절해서 구우면 될 것 같아요.  ​  광파오븐 홈베이킹- 스콘  한번 해보니 두번째에는 좀 더 잘해낼 수 있을 것 같아서  스콘을 구워봤어요.  ​  레시피는 네이버 검색해서 생크림과 버터가 모두 들어가는 스콘 레시피를 따라했어요.  풍미를 좋게 하고 싶어서 홍차티백을 넣어 반죽했어요.  ​  스콘에 넣는 홍차티백은 대개 얼그레이를 사용하는 것 같았는데  집에 얼그레이가 똑 떨어졌던 상황이라 밀크티 해먹으려고 사놓았던 잉글리시 브렉퍼스트 티백을 사용했어요.  ​    ​  디오스 광파오븐으로 스콘굽기 - 온도는 190도로 20분 구웠어요.  ​    ​  악!!! 파는 것 같은 비주얼에 감탄!!!  0​  저는 오래 전에 베이킹 꿈나무였는데  스콘굽기에 대실패한 이후에 베이킹에 대한 꿈을 접었어요.  제가 이 얘기를 할 때마다 지인들이 스콘굽는 게 얼마나 쉬운데 스콘굽기를 실패하는 사람도 있냐며 놀렸었는데  0이제야 이해가 되네요.  ​  대체 왜  스콘굽기에 실패했을까요.  (아마도 레시피가 잘못되었던 거 같아요.   기억을 더듬어 보면 저는 스콘을 머핀틀에 구웠고, 반죽할 때 접은 기억이 없어요.   그 때는 인터넷 검색하면 지금처럼 다양한 레시피와 베이킹 후기가 없던 시절이라   베이킹 책 사서 보고 만들었었는데 지금 문득 생각해보니 그 책 보고 만든 과자와 빵은 모두 실패했어요.  저의 문제인지 레시피의 문제인지 모르겠네요 ㅎㅎㅎ)  ​    ​  잉글리시 브렉퍼스트 티백을 사용하니 홍차향이 은은하게 느껴져요.  은은한 향보다 얼그레이처럼 주장 강한 향이 스콘에 더 적합한 것 같아요.  ​  이 스콘들은  딸기잼 발라서 저의 뱃속으로 모두 들어갔습니다.  ​    ​  이번에 베이킹하면서 사용한 버터에요. 웨스트골드 라는 버터에요.   이마트에서 샀어요.  상대적으로 저렴한 저염버터여서 샀는데 이 버터는 풍미가 떨어지는 것 같아요.  베이킹 용으로 추천하지 않습니다.  얼마 더 주더라도 서울우유버터 살 걸 그랬나봐요.  ​  ​  양이 많아서 일단은 저 버터를 다 소진해야 다른 버터를 살 수 있겠죠  ​  ​  ​  ​  그래서 또 스콘을 구웠어요  ㅋㅋㅋ  ​  ​  이번에 구운 건    크랜베리 오렌지 스콘이에요.  (레시피는 네이버 검색)  ​  광파오븐 190도로 20분 구웠어요. (예열은 거의 안했어요. 1분정도?)  ​    ​  오븐이 작아서 한번에 많이 못 구워요.  ㅠㅠ  ​    ​  이번엔 반죽이 좀 질게 되었는데  반죽이 진 느낌이 사진 속에서도 마구 느껴지네요 ^^  ​    ​  버터+딸기잼과 함께 맛있게   냠냠  뱃속으로 들어갔습니다.  ​  ​  아직 버터가 많이 남아서(ㅠㅠ)  또 뭘 더 구워보면 좋을지 생각해보고 있어요.  ​  ​  ",10,3,0,0,12,0
221830923935,"# 베이킹_간단한 과정, 훌륭한 맛! 바스크치즈케이크    바스크치즈케이크 Basque Cheesecake  ​  나는 치즈케이크를 정말 자주 굽는다.  그런데 대부분의 구움 치즈케이크들은 만든 후 한입 뜰때까지 하나같이 인내심을 요구하니 성질 급한 나에겐 기다림이 참으로 짜증날 때가 많다.  덜 기다리고 손이 덜가는 이 바스크치즈케이크는 고온에서 훅 구워지는 것도 맘에 들지만 꾸덕한 치즈 덩어리를 퍼먹는 듯한... 그 느낌과 맛이 너무 좋다.  볼과 주걱만 있으면 누구나 만들 수 있다고 자신있게 주장하며, 치즈 애정자들은 꼭 만들어보시길~~!  ​  아참, 치즈케이크다 보니 필수적 기다림의 순간이 3번 있다.  1. 재료의 실온화  2. 구운 뒤 식힘망에서 식힐 때.  3. 식힌뒤 냉장고에 넣고 더 맛있어 지기를 기다릴 때.​  ​  ​  ▶바스크치즈케이크 만들기 준비물  원형팬 18cm  종이유산지  고무주걱  볼 1개  ​  ​  ▶바스크치즈케이크 만들기 재료  크림치즈 500g  치즈는 코스트코에 파는 raskas를 사용했다. 필라델피아, 끼리로도 만들어보았는데 개인적으로 라스카스로 만든 바스크치즈케이크가 제일 맛있었다.​  계란 140g  설탕 120g  생크림 160g  전분 5g  바닐라액 조금  모든 준비물  15cm 원형팬을 사용한다면 높은 팬을 사용하고 지금 레시피에 0.7이나 0.8을 곱하면 된다.   안정적인 모양새를 원하면 ×0.7, 도톰한 모양새를 원하면 ×0.8이 좋다.  ​  ---  ▶미리준비하기​  ​  - 모든 재료는 실온화해둔다.  - 원형팬에 유산지를 틀에 맞게 구겨놓는다.    - 오븐을 230~240도로 예열해둔다.  - 바닐라액을 5g정도 계란에 섞어둔다.  - 전분과 설탕을 포크로 섞어둔다.    ​  ​  ​  ▶바스크치즈케이크 만들기​  ​    1. 실온의 크림치즈를 볼에 넣는다.  ​  ​    2. 주걱으로 이리저리 눌러가며 부드럽게 풀어준다.  (처음 풀어줄때는 뻑뻑, 쫀득해서 많은 힘이 요구됨..헉헉..)  ​  ​    3. 설탕+전분을 3번에 나눠 넣고 넣을때마다 치즈를 눌러가며 풀어준다. 설탕을 넣을 수록 치즈는 점점 부드러워진다.  설탕 넣고 부드러우지는 중이지만 아직도 쫀쫀하다  ​    4. 계란도 3번 나눠 넣고 넣을때마다 주걱으로 살살 잘 섞어준다.  ​    5. 다음 계란을 넣기전에 주걱에 붙은 치즈는 반드시 한 번 긁어 섞는다. 이렇게 않하면 반죽이 다 된 후 불필요한 멍울이 많이 생긴다.  ​    6. 계란 두번째 넣어 섞고, 세번째 넣어 섞고.   거품이 많이 안생기게 꾹꾹 눌러가며 주걱질한다.  ​    7. 실온의 생크림을 넣고 역시 주걱으로 살살, 꼼꼼히 섞어준다. 점점 부들부들해지는 치즈의 바디~!  ​    8. 살짝 높은 위치에서 반죽을 팬에 떨어뜨린다.  9. 윗면을 주걱으로 평평하게 정리한다.  ​    10. 230도로 예열된 오븐에 넣고 25~30분 색을 봐가며 굽는다. 마무리로 반질반질 갈색이 될때까지 지켜보다가 뺀다.  오븐열이 쎄서 20,30초만에도 금새 색이 변하니 잘 지켜봐야한다.  ​    11. 오븐에서 꺼내자마자는 윗면이 살짝 출렁거리며 많이 부풀어있는데 식으면서 오른쪽 사진처럼 오목해지고 색도 더 진해진다. 처음엔 팬 채로 식히고 어느정도 식으면 팬에서 빼 완전히 식히고, 냉장고에 3시간 이상 둔다.  ​    12. 냉장고에 넣고 3시간 뒤.  구깃하게 케이크를 감싸고있던 종이유산지는 살살 벗겨야한다. 그렇지 않으면 모서리가 한움쿰씩 떨어져나갈 수 있다.  케이크가 꾸덕하기때문에 살살 벗기면 깔끔하게 원형이 유지된다.  ​    13. 조각 분할은 자신이 원하는데로!  ​    분할기를 이용, 10조각으로 나누었다.  ​    14. 깔끔한 한 조각.  밀도있게 잘 구워진것 같다.  ​    그릇에 툭 담았지만 이미 늦은 밤이고 배가 부른상태...  시식은 내일로 미뤘다. 참고로 하루 밤 지나고 먹으면 여러가지 맛이 안정적으로 느껴져서 더 맛있다.  ​  ​  ​  ​  ​    다음 날.  모닝 아메리와 함께 냠냠. 맛있다!  바스크치즈케이크 한입!  ​  ",30,0,5,0,12,0
222019957780,"# 건대 예쁜카페 아르무아 톰과제리 치즈케이크 냠냠♡  ---    건대 예쁜카페로 유명한 아르무아! 드디어 저도 방문해보았습니당 ㅎㅎㅎ  갈때마다 사람이 많아서 늘 못갔던 곳인데요!  으나찡이 서울에 방문한 기념으로! 아점으로 #초밥짓는원숭이에서 맛난 모밀이랑 롤 먹고서 카페로 향했어요!  주말이지만 이른시간에 방문한 덕에! 여유롭게 카페 사진도 찍고~ 커피도 마시고 수다도 떨 수 있었어요!  ​  0​  건대 예쁜카페 아르무아는 주택처럼 생긴 건물에 있구요!  여는 시간은 11시, 닫는시간은 밤 11시에요!    제가 건대 아르무아 카페에 오고 싶었던 이유는 바로 이!! 특이한 옷장을 위해서지요!!ㅋㅋㅋ  완전 비밀의 문 같지 않나요..? @_@  인스타나 블로그 보면 여기서 인증샷을 많이 찍으시더라구요 후후  아르무아에 들어가려면 이 옷장을 열고 들어가야한답니다!  엄청 특이하죠? 영화에서 보는 입구 같아요 ㅋㅋㅋ  보통 인증샷 찍으려고 사람들이 줄 서 있는데, 저희는 운좋게 기다림 없이 인증샷도 찍고~ 인테리어 구경도 하고 여유있게 들어갈 수 있었어요!ㅋㅋㅋ    이쁜 으나찡 인증샷 (초상권을 위해 가려줌..) 내 사진은.. 없다.. 왜 없는지 알수 없지만 없다..(아마 삭제된듯..싶네용)ㅋㅋㅋ 카페 아르무아 들어가는 옷장문 옆에도 엔틱한 분위기의 거울이 하나 있더라구요!ㅎㅎㅎ  그 거울앞에서도 인증샷을 찍었어요!ㅋㅋㅋ    박물관에 온듯한 작은 공간 ㅋㅋㅋ 왜 이 곳이 핫플인지 알거같더라구요!  요즘 유행하는 감성이 녹아있는듯한? 느낌이였어요 ㅋㅋㅋ (개인적인 느낌)  이제 구경 다 하고 인증샷 다 찍었으니까 카페 들어갑니다!    메뉴판    디저트 종류  건대 예쁜카페 아르무아 메뉴판과 디저트에요!ㅎㅎㅎ  제가 여기 진짜 와보고싶었던 이유는.. 톰과제리 치즈케이크 때문인데요 ㅠㅠ 너무 먹어보고싶더라구요!  밥도 막 먹고 왔기 때문에 커피는 아메리카노로 결정했어요!ㅎㅎㅎ  ​  아메리카노 1잔, 허니레몬?자몽티 1잔, 톰과제리 치즈케이크      건대 카페 아르무아는 1층에도 좌석이 있지만 꽤 협소한 편이고, 2층으로 올라가면 자리가 많아요!  전체적으로 인테리어 분위기를 '엔틱'하게 하셨더라구요 ㅎㅎㅎ 그래서 더분위기 있는 느낌적인 느낌!  손님들도 많이 없어서 자동으로 사회적 거리두기도 가능!ㅋㅋㅋ 저번에 왔을땐 사람이 너무 많기도 하고 시끄럽고 자리도 없고 그래서 그냥 나왔는데 저희 테이블까지 딱 5테이블 있으니까 너무 조용하고 좋았어요!    아메리카노 1잔, 티 1잔, 치즈케이크 등장입니다 ㅎㅎㅎ  진동벨이 울리고나서 바로 가질러 내려갔어요!ㅋㅋㅋ  생각보다 컵이 무겁더라구요! 올라올때 계단이 저는 좀 가파르다고 생각이 들어서 조심조심 올라왔어요!    와.. 커피양 실화?  건대 카페 아르무아는 전용 머그컵에 엄청엄청 가득 주셨더라구요! 커피향도 구수하고~ 컵도 이쁘고!  맛도 좋았어요!ㅎㅎㅎ  ​  0  제가 드디어 고대하고 고대하던.. 톰과제리 치즈케이크!  노란색 치즈로된 부분은 화이트초콜릿이구요!  안에가 치즈케이크에요 ㅋㅋㅋ  다른 후기보면 기대 이하라는 말도 있고 맛있다는 말도 있고 그런데, 저는 개인적으로 너무 맛있더라구요!  치즈케이크가 좀 달달한 맛이라서 제가 주문한 아메리카노랑도 엄청 잘 어울렸어요!ㅋㅋㅋ  건대 예쁜 카페 아르무아 재방문의사 100입니당!  분위기도 좋고~ 맛도 좋아요!ㅋㅋㅋ  ​  0​  ---  0​  ",18,3,0,1,25,0
221504413624,"# 대구역카페 카페리베 반월당디저트 제리치즈케이크 졸귀!  남편  슬림정장 사려고 대구 롯데백화점 들렸다가  평소에 보고 너무 가보고싶었던 #대구역카페  드디어 다녀왔어요 !  처음보는 #반월당디저트 였기때문에  정말 꼭 와보고 싶었던 곳이였거든요.  톰과제리를 본적이 있다면 이건 무조건 먹어봐야대.    대구역카페 #카페리베 는 대구역에서 대구 콘서트하우스  가는 길로 쭉 걸어서 올라가면 호텔리베가 있어요.  1번출구 또는 2번 출구역에서 올라오시면 되요.  저는 대구역 롯데백화점 들렸다가 1층으로 나왔어요.  이쪽으로는 한번도 와본적이 없었지만  반월당디저트 맛보기 위해 이번기회에   이쪽으로도 방문했어요.    쭉 가다보면 얼마안되서 보이는 호텔리베.  #태평로카페 카페리베는 호텔리베   1층에 자리하고 있는 #반월당디저트카페 랍니다.  카페를 좋아하시는 분들은 맛있는 디저트나  음료를 맛보기 위해서 많이들 찾아다니시잖아요.  저도 그중 한명이라 남편이랑 주말에는  꼭 카페 한군데는 가서 음료 마셔요.    1층에 자리하고 있는 대구역카페 카페리베  내부도 커서 좋더라고요.  베이커리도 같이 하고있는 카페라서  간단히 배가 고플때 와서 맛있는 음료와  베이커리를 맛봐도 좋은 곳이랍니다.  동성로 안보다는 확실히 한적한 동네라   저는 더 분위기가 좋더라고요.  그래도 손님은 많았어요.  역시 입소문이란.    저녁 7시 이후에는 베이커리가 모두 20%할인.  태평로카페 카페리베 영업시간은  오전 7시부터 오후10시까지에요.  이른시간 출근길에 들려서 맛있는 커피와  베이커리 함께해도 좋겠어요.    일단 들어가서 커피메뉴부터 결정.  저는 큐브라떼 남편은 아이스아메리카노.  여기 커피도 다 맛있음 !  늦은 아침을 먹고 정장 입어본다고 힘빼서  힘든날이라 달달한 반월당디저트 그리고  베이커리 먹어보자고 방문했어요.    제가 들어오자마자 찾은건 바로 꼭 먹어보고싶던  #제리치즈케이크 !!!!!!  없을까봐 엄청 조마조마한 마음으로 왔는데  쇼케이스안에 제리치즈케이크가 있더라고요.  이건 무조건 먹어야한다고 바로 주문!    이렇게 주문하는 곳 옆에 베이커리 류가 있어요.  초코크로와상 하나 이미 찜뽕하고 저는 너무 귀여운  미니트위스트 하나 골랐어요.  크로와상도 그렇고 모두 페스츄리 류의   베이커리가 많이 있었네요.    다른것도 더 먹고싶어서 얼쩡거리다가  남편한테 잡혀서 자리로 고고싱  내부가 많이 넓어서 모임장소로도 좋아요.  #대구주말데이트 장소로도 좋아요.  한적하지만 분위기 좋고 맛있는 음료와  반월당디저트 함께 할 수 있으니까요.    혼자와서 음악들으면서 햇볕받으면서 즐길 수  있는 공간도 있고요.  양쪽으로 매장이 길게 뻗어가는 느낌이에요.  테이블이랑 테이블 사이의 간격도 넓기때문에  데이트장소로 저는 너무 좋았네요.  이런저런 조잘조잘 떠들기 좋은 곳.    오잉 화분인가 했더니 이건 뭐지?  이거 혹시.. 정말??  이거 파인애플인가?/아닌가?ㅋㅋㅋ  너무 신기함.    테이블 위에 이렇게 겨울느낌.  꼭 이런거 올라가 있으면 한번 켜보고싶고  막 그렇잖아요 ㅋㅋㅋ  제가 키면 남편은 끄고.뭐함.    짜잔, 주문한 반월당디저트 제리치즈케이크와  미니트위스트 그리고 초코크로와상 나오고  아이스아메리카노랑 큐브라떼 등장했어요.  비주얼도 너무 이쁨.  이렇게 가까이서 제리케이크 보니 심쿵.  치즈케이크 너 비주얼 모냥 증말 귀욤.  0분위기도 좋구 먹을거리도 많은 태평로카페  카페리베는 제리치즈케이크가 시그니처인가.  너무너무 귀여워요.  여자친구랑 데이트할때 딱 데려오면   엄청 사랑 받을 수도 있음.    커피 맛있어요 !!  특히 큐브라떼는 다른곳에서 맛봤을때는  처음에는 우유맛이 많다가 점점 커피맛이   진해지면서 결국에는 얼음에 끼인 커피만 맛보는.  그러나 대구역카페 카페리베 #큐브라떼  처음부터 끝까지 맛있음 !    디저트 하나 더 고르려다 혼나구 만족해야  했는데 나보다 남편님이 더 많이 먹는건 무슨일?  정장입는다고 많이 힘들었니...?ㅋㅋㅋ  바삭바삭 식감이 좋은 베이커리와  꾸덕하면서 비주얼부터 심쿵하게 만들어주던  제리치즈케이크 랍니다.    커피 두가지 모두 합격쓰.  남편도 저도 둘다 맛있다고 합격쓰.  이제 시내 나와서 좁고 작은카페 말구  넓고 먹을거리 많은 이곳으로 오자며.  큐브라떼가 저는 너무 만족쓰였어요  처음부터 끝까지 맛있게 호로록.    맨 첨에 미니 트위스트 하나 냠냠.  반쪽씩 노나먹으면서 오, 가성비 짱이라고.  맛있네? 커피랑 아주 잘 어울려.  음료하나 먹으면서 살짝 입이 심심하다면  천원한장 추가 후 미니트위스트 겟해요.    아, 먹기 너무 아까운 비주얼.  자를까?자를까? 몇번을 물어보는남편.  응 해놓고 아니 잠깐만 좀 더 감상하구.  몇번하다가 그냥 잘라버림.또록.  또사준대여.    큐브라떼 안에 얼음은 원두모양.  제리치즈케이크만큼 귀욤.  대구역카페 카페리베 큐브라떼의   얼음에는 진한 커피가 아닌것 같더라고요.  그래서 처음부터 끝까지의 맛이 일정하게 맛있었나봄    초코크로와상은 처음에 안에 쭉 ~ 뭐가 나올줄.  그러나 오히려 없어서 그런지 깔끔하게 즐길 수  있는 초코크로와상이였어요.  많이 달지 않아서 물리지 않더라고요.    큐브라떼랑도 너무 잘 어울렸던 내마음의  심쿵 제리치즈케이크 안에는 이렇게  치즈케이크가 가득 들어가 있는데  겉은 약간 달달한 설탕인가? 싶을 정도.  그러나 많이 달지 않고 치즈의 맛이 더 강해요.    꾸덕뚜덕한 치즈케이크 나오면 5분정도  있다가 먹으면 된다는 사장님의 말 잘듣고  사삭 잘라봅니다.  주말데이트 너무 심쿵하는 반월당디저트 시작했네요.  카페데이트 너무 좋아하는 우리부부.  이번에는 제리치즈케이크라니 소확행.  0카페내부도 깔끔하고 넓어서 만족스럽고  #혼카페 해도 좋은 것 같아요  맞나?#혼카 인가 #혼커인가 ㅋㅋㅋ  테이크아웃해서 가시는 분도 있는데 대부분  앉아서 드시는분들이 많으셨어요.    대구역카페 리베호텔 1층에 자리하고 있는   카페리베에서 맛있는 반월당디저트와  함께 하면서 이런저런 이야기 나누며  데이트 즐기고 왔답니다.  ​  0​  ",31,0,16,1,22,0
221854425419,# 딸기치즈케이크 만들기 생딸기 가득 딸기요리  2020.02.29  ​  밥솥카스테라로  딸기치즈케이크 만들기  ​  딸기치즈케이크는  쿠킹트리님 레시피인데  원래 레시피는 바닥이  오레오가루에 녹인버터 믹스해서  타르트바닥처럼 딴딴한질감으로 채움  난 오레오분말 다 써서  구냥 제누와즈로 깔아줬음  ​  완성하고보니  징징이가  이 레시피에는 빵이 안 어울린댕ㅜㅜ  빵 따로 케이크 따로 먹으면  각각 맛있는데  섞으면 이질적인 느낌이 든다고  ​  빵쓰는것도 난 나쁘진않은데  원래 레시피 따르는게 더 좋을거같음  ​  ​  밥솥카스테라 포스팅은 요기  [https://m.blog.naver.com/cherry79____/221854031804](https://m.blog.naver.com/cherry79____/221854031804)  ​  ​  존맛탱 딸기치즈케이크  ㄱㄱ    재료  ​  <12cm무스링>  시트 - 밥솥 카스테라  미로와  크림치즈 150g  설탕 40g  요거트 25g  바닐라 익스트랙 2g  판젤라틴 4g  휘핑한 생크림 90g  생딸기  ​  <15cm무스링>  딸기 퓌레 150g   판젤라틴 3g   휘핑한 생크림 150g   ​  <상단>  딸기 퓌레 100g   생크림 50g   판젤라틴 2g   ​  <장식>  생딸기  미로와    크림치즈 설탕    플레인 요거트 바닐라익스트랙  꼭지따고 씻어 물기 제거한 딸기    딸기퓨레 2가지 계량 생크림    시트로 쓸 빵에  촉촉하게 시럽을 발라줘야하는데  시럽이 없네  시럽 만들기 귀찮네  그래서  ...    서브리모(미로와)를 씀  성분 보니까 뭐 설탕 시럽 정제수 등등 이길래  괜찮겠지하며 사용  요정도    실리콘 붓에 듬뿍 묻혀서    처발처발    촉촉  ​  크림치즈 140g  크림치즈를 부드럽게 풀어줘야하는데  상온에 둬도 잘 안 풀어짐  앵커 크림치즈 싸서 샀는데  크림치즈 중에서도 특히 퍼슬한 질감인 듯  도저히 안풀릴듯 하여  뜨거운물 준비    중탕하기로    잘 녹는당    설탕 40g 넣고 믹스      요거트 25g 섞기  이 쪼끔 쓰려고 400g짜리를 샀음ㅋㅋ  남은 건 과일 넣고 잘 먹었지만  ​    바닐라익스트랙 2g 믹스    생크림 90g    휘핑  너무 저었나;; 질감이 거칠다  판젤라틴 물에 불리기  불린 젤라틴 물기 손으로 꽉 짜주기  전자렌지 돌려서 녹이기  (전자렌지보다 중탕이 더 나을 듯  다른 거 하다보면 금방 막이 생김)    녹인 젤라틴 넣고  휘핑한 생크림 넣고 믹스    0    시트 위에 딸기를 빼곡히 올리고  치즈반죽 붓붓    울퉁불퉁한 건 딸기꼬다리가 보이는거ㅋ  시트가 두꺼워서  딸기 밑둥을 잘라 높이 대충 맞췄는뎅  이래서 바닥은 오레오로 얇게 써야됨ㅎㅎ  ​  냉장고에 3시간 굳히기  ​  아까 붓고 남은 치즈반죽에  냉동 딸기퓨레 150g 전자렌지에 살짝 돌려 해동    딸기퓨레와 섞기    휘핑한 생크림 150g과 믹스  생크림 오래되서 긍가 금방 휘핑됨  너무 휘핑된 느낌임    녹인 젤라틴 넣고 섞은 후  휘핑크림 넣고 섞기      냉장실에 굳힌 것  스팀타올로 틀 감싸서 살짝 녹여  틀을 제거  잘나와서 감동ㅋㅋ  ​    바닥에 랩을 깔고  작은 케이크 올리고  15cm 틀 놓고 랩으로 틀 감싸 고정    만든 딸기치즈반죽 붓붓    냉장고에 30분 굳히기  ​    딸기퓌레 100g에  생크림 50g  녹인 젤라틴 2g  넣고 섞기    좀더 진한 딸기크림 붓붓    냉장고에 2시간이상 굳히기  ​      케이크가 완성되길  기다리면서  남은 카스테라 짜투리랑 우유  요거트에 과일 넣어서  처묵처묵  ​    꺼냄  아놔  엄마가 냉장고에 뭐꺼내다가  위에 모서리 찍어버림ㅋㅋ    틀 제거  왜 저렇게 물컹한 질감인고하니  사실 양갱에 쓸데없이 젤라틴 마구 쓰느라  젤라틴이 1g모잘랐음ㅎㅎ  그래서 레시피적어놓은것보다  1g덜들어갔고  전자렌지 돌린 젤라틴 그릇에 젤라틴 또 넣고 계속 돌렸더니 금방 굳어서제대로 젤라틴이 안 녹음  그래서 먹다보면 젤라틴 덩어리진곳도 있고 그럼  ​          어쨌든  딸기 세로로 4등분해서 장식  딸기에 미로와 발라주기  빤딱빤딱 수분 손실 방지도 됨  ​  ​            냠냠  빵시트 디따 두꺼운걸 볼 수 있다ㅋㅋ  이정도 일줄이야 였음  단면이 예쁜 케이크인데  젤라틴이 모자라서  형태가 무너진게 아쉽  좀더 또렷하게 구분되면  깔끔하고 더 예뻤을텐딩  ​  맛은 딸기요거트치즈맛 케이크  보기와 달리 정말 마시뜸  ​  ​  fin.  ​  ,53,0,7,0,18,0
222020678994,"# 미국일상/미국 독립기념일 4th of July 과일타르트, 치즈케이크, 쉬림프앤그리츠  원래 7월 4일 그러니까 내일이 미국 독립기념일이지만, 이날이 토요일인지라 미국 대부분의 회사들은 오늘 금요일을 대체휴무로 쉬었다.   덕분에 롱위켄드를 보내게된 우리는  하루종일 늦잠자고 놀고 장봐온뒤 샐러드와 디저트를 만들어서  저녁에 시댁으로 왔다.   0  미국 독립기념일 July 4th를 기념해서 만들어본 Patriotic fruit tart!  블루베리와 라즈베리, 크림치즈 필링으로 미국국기 모양을 냈다. 어렵진않았음 ㅎㅎ  쿠키 크럼블로 타르트지 깔고 아몬드필링을 넣어 구운뒤 커스터드크림과 치즈크림으로 마무리했다.  ​  아~주 반응이 좋았음 ㅎㅎㅎ  ​  0  치즈케이크를 머핀틀에 넣어 베리 토핑도 올리고  ​  ​    딸기타르트와 청포도 타르트도 만들었다.   ​  ​    딸기는 크기가 제각각이라 좀 엉성하게 올라갔지만 맛은 있었다 ㅋㅋㅋ  ​    평소엔 베이킹 잘 안하는데, 한번할때 대량생산하게됨 ㅠㅠ  이 큰손을 어찌하오리까...  ​  0​  ​    치즈케익이 맛있길래 잔뜩 만들어서 가져감.   어차피 만든거, 집에만 두면 나랑 매튜밖에없어서 다 먹지도 못하니까... (조금만들생각은 안함)  0  디저트만 가져가면 서운하니   챱샐러드도 만들어갔다. (과연 이 손의 크기는 어디까지인가..)  ​  양상추 잘게 썬것+토마토+아보카도+양파+오이+패다치즈+베이컨 다진거 섞섞.  올리브오일이랑 소금후추, 발사믹 글레즈드, 레몬즙   조금으로 드레싱 했는데 깔끔하고 맛있었다.   여름에 해먹기 좋은 샐러드!   싹 다 다져서 섞기만 하면되니 초간편하다.   ​  ​    프리스턴이 해준 쉬림프앤그릿츠와 브로콜리 샐러드, 챱샐러드, 후라이드 치킨으로 저녁 냠냠.   쉬림프앤그릿츠는 소세지랑 새우를 잔뜩 넣어 너무너무 맛있었다. 그전에 식당에서도 몇번 먹어봤지만 이게 베스트였음.   ​  다만 칼로리 폭발... 급살찌고픈 분들께 추천하는 메뉴.   0​  오늘 엄~청 많이 먹어서 디저트 배를 못남겨두었다 ㅠㅠ  ​  0  이렇게 많이 가져갔는데...흡흡 ㅠㅠ  0  다 먹어보고싶은 맘에 양껏 퍼왔지만... 결국 다 먹지도 못하고 일단 보류중 ㅠㅠ  좀있다 배 좀꺼지면 다시 먹어야지..  ​  모두들 해피 July 4th 보내시길! ㅎㅎ  0",10,8,0,0,15,0
221572524695,"# 마곡 카페 발산역 카페 빌리엔젤 케이크 레인보우 치즈케이크 딸기바나나우유빙수 로즈모히또  빌리엔젤 케이크 빌리엔젤 마곡점  레인보우 치즈케이크 딸기바나나우유빙수 로즈모히또  마곡 카페 발산역 카페  ​    친구들이랑 다녀온 빌리엔젤 마곡점.  마곡은 처음 다녀왔는데 저녁의 마곡은 동네가 조용조용.  반면에 빌리엔젤은 손님들도 많았고 내부도 좀 시끄러웠다.  ​    가게 앞에 보이던 이벤트 내용!  7.4일은 빌리엔젤 창립기념일이라 밀크크레이프와 당근케이크 50% 할인한다고 한다.  인당 2개 한정이고 포장 시 박스당 포장비가 따로 발생!  빌리엔젤의 밀크크레이프 유명하다던데.   나는 생각보다 빌리엔젤에서 파는 케이크 여러 종류를 먹었는데 밀크크레이프는 못먹어봤... 이벤트날 한 번 사 먹어봐야겠다.  ​    빌리엔젤 마카롱 종류    빌리엔젤 빙수 종류    빌리엔젤 케이크 종류  역시 매장 앞에서 볼 수 있었던 마카롱, 빙수, 케이크 내용이 보여서 사진 찍어보고~  ​    들어오자마자 자리부터 맡았다.  우리 자리는 여기 :)  ​  빌리엔젤 메뉴    빌리엔젤 메뉴  ​    카운터 옆에는 케이크 쇼케이스가 보이는데 생각보다 여러 종류의 케이크가 보여서 뭘 골라 먹어야 할지 고민이 들었다.  ​    우선 쇼케이스 상세 샷!  먼저 마카롱~ 마카롱은 낱개로도 팔고 기프트 세트로도 파는데 안 먹어봐서 맛있는진 모르겠다.  ​    사이다 뒤에 애플쥬스 맛있다.  사이다는 복숭아 사이다하고 수박 사이다, 메론 사이다 먹어봤었는데 너무 달다는 점?..  ​    바나나 코코넛 케이크(홀) / 당근 케이크(홀)    체리 치즈 케이크 / 티라미수 크레이프    바나나 코코넛 케이크(피스) / 우주케이크    버라이어티 팩 / 레인보우 치즈케이크    레인보우 크레이프    쇼콜라 봉봉 / 레드벨벳 케이크    자몽케이크    쇼콜라 크레이프 / 당근케이크(피스)    맥시멈 초콜릿 케이크 / 밀크 크레이프(7,500원)    쇼핑백 / 메탈스틱 / 메탈초 / 고깔 / 컵케이크 키트 / 가랜드 / 웨딩코스터 / 해피 버스데이 캔들  너무 말없이 사진만 올렸나.  케이크 하나하나 다 먹고 싶었는데 고르기가 어려웠다.  고민하다가 우선 신메뉴인 레인보우 치즈케이크를 골랐다.  ​    카운터로 와서 아까 고른 레인보우 치즈케이크와 딸기바나나우유빙수, 로즈모히또를 주문했다.  ​  빌리엔젤 케이크 마곡점 내부 사진    빌리엔젤 케이크 컴퍼니 :)  ​    마곡점 매장 내부는 요런 느낌.  빌리엔젤은 전반적으로 인테리어가 비슷비슷한 거 같다.  ​    카운터 오른쪽에는 레몬이 띄워진 얼음 물이 있는데 맛보니 시원하면서 레몬 물맛!  무엇보다 시원해서 좋았다.  ​    유아 전용 의자와 공기청정기도 있었다.  ​  주문 후 기다림과 맛보기    주문하고 나면 쿠폰 종이에 도장을 찍어준다.  도장은 안 모일 거 같지만 먹다 보면 모이게 된달까.  (작년에 방배점에서 도장 다 찍고 케이크 한피스 공짜로 먹었었는데 좋다좋다.)  아, 그리고 주문하고 나면 진동벨을 주신다.  ​    조금 기다리니 진동벨이 울려서 받아왔다. :D  ​    로즈모히또 6,200원  ​    딸기바나나우유빙수 13,000원  ​    레인보우 치즈케이크 7,800원  ​    먼저 로즈모히또.  로즈모히또는 저번에 빌리엔젤 신논현지점에서 맛있게 먹은 거라 이번에도 주문해봤다.  신논현점에서 시켰을 땐 장미꽃이 위에 있었는데 마곡점은 장미꽃이 아래에 있다는 점이 틀렸는데 그래서인지 처음에 좀 볼품없어 보였다.  밑부분이 장미향과 동시에 엄청 달다.  위 움짤처럼 골고루 섞기.  ​    섞으면 요렇게 연한 분홍빛의 음료가 된다.  ​    아래 깔려있던 장미도 위로 올라왔는데 덕분에 이쁘다.  맛보면 장미 향이 느껴짐과 동시에 달달+탄산감!  나는 요 맛이 호였는데 다른 친구는 화장품향이 조금 나서 쏘쏘라고 했었다.  ​      레인보우 치즈케이크는 신메뉴이기도 했고 겉보기에 보이는 여러 색이 이뻐서 골랐는데 맛은 특별함 없는 치즈케이크 맛이었다.  설명에는 진한 크림치즈에 요구르트의 신맛을 더했다고 쓰여있던데 신맛은 잘 못 느꼈달까.  다만 식감이 엄청 부드러웠다.  부드러운 치즈케이크맛!  빌리엔젤은 체리 치즈케이크도 있는데 그거는 꾸덕한 치즈케이크맛!  한때 체리 치즈케이크에 빠져서 자주 사 먹었었는데 레인보우 치즈케이크 먹으니까 체리 치즈케이크가 먹고 싶어졌었다.  아, 그리고 레인보우 치즈케이크 위에 올려있는 건 솜사탕이었는데 맛이 인공적인 맛이고 안 부드러웠다.  ​    딸기바나나우유빙수는 겉에 둘러싸인 과일을 먹어보니 안의 우유 빙수 색이 노란색!  정확히는 연한 빨간색과 노란색으로 나누어져 있었는데 빨간 부분은 아주 적었고 대부분이 노란색이었다.  ​    맨 위에는 바닐라 맛 아이스크림이 동그랗게 올라가 있는데 그 위에는 치즈폼이 뿌려져있다.  치즈폼 부드럽고 달달하니 맛있었다.  ​    딸기는 생딸기가 아니었지만 신맛 없어서 괜찮았고 바나나는 생바나나!  ​    안의 빙수는 우유 빙수라고 쓰여있어서인지 부드러웠고 맛은 바나나 우유맛이었다.  ​    냠냠.  생각보다 바나나가 많이 둘러싸여 있었고 먹다 보니 양이 많다고 생각되었었다.  무난하게 먹기 괜찮았던 딸기바나나우유빙수.  ​    맛있게 먹으면서 수다 떨고~  주차했으면 나가기 전에 카운터 가서 주차권 달라고 꼭 말하기.   2시간 가능!!  다음 주에 빌리엔젤 또 가는데...  그땐 다른 거 먹어보고 또 후기 올려야지. :)  ​  0마곡 카페 발산역 카페 빌리엔젤 케이크 마곡점  영업시간 : 아침8시-저녁11시(평일)                    아침8시-저녁9시(주말)  주차 : 2시간 가능  전화 : 02-3663-6864  ​  ",69,0,0,0,19,0
221765639653,"# 스타벅스 신년 MD 가격과, 신메뉴 음료와 번트치즈케이크 냠!  ​  ​  안녕하세요 도뜨입니다  오늘은 2020 스타벅스 신년MD 가격과함께  스타벅스 신메뉴 해피 치즈 화이트 모카와  번트 치즈케이크 리뷰로 찾아왔어요~  ​  도뜨는 워낙 치즈를 좋아하는터라,  신메뉴 소식에 늦었지만,  가벼운 발걸음으로 다녀왔는데요~  ​  굉장히 아담하고 귀여운 비주얼이 설레가 하더라고용  ​  ​    ​  ​  스타벅스신메뉴로는 엄선한 제주산  유기농 말차를 만나볼 수 도있었구요  그외에도 다양한 메뉴들을 만나 볼 수 있었는데요!  자세한건 아래에 담아두도록할게요.  ​  ​    ​  ​  신년카드는 요렇게  깜찍한 핑크빛돌았고,  하얀 쥐가 동그르르~  한 여심 저격 최고봉이었어용  ​  ​    ​  ​  조명때문에..  사진이 개똥꾸빵꾸같지만..  (변명)  ​  ​  모바일배려  메뉴  ​  바닐라 플랫화이트 S 5.1 T 5.6  돌체콜드브루 T 5.8 G6.3 V6.8  카라멜마끼야또 T 5.6 G 6.1 V 6.6  딸기요거트블렌디드 T 6.1 G 6.6 V 7.1  자바칩 프라프치노 T 6.1 G 6.6 V 7.1  라임 패션 티 T 5.6 G 6.1  ​  이천 햅쌀 커피/크림 T 6.3 G 6.8 V 7.3  그린티 크림 T 6.3 G 6.8 V 7.3  화이트 딸기 크림 T 6.1 G 6.6 V 7.1  초콜릿 크림 칩 T 5.7 G 6.2 V 6.7  모카/카라멜 T 5.6 G 6.1 V 6.6  자몽셔벗 T 6.3  망고바나나 G 6.3  망고 패션 후르츠 T 5.0 G 5.5 V 6.0  ​  핑크자몽 T 6.3 G 6.8 V 7.3  쿨 라임 T 5.9 G 6.4 V 6.9  블랙 티 /패션 탱고 티 레모네이드 T 5.4 G 5.9 V 6.4  ​  라임 패션티 T 5.6 G 6.1   자몽 허니 블랙 티 T 5.3 G 5.8 V 6.3   차이 티 라떼 T 5.1 G 5.6 V 6.1  유스베리티 T 4.1 V 5.1  캐모마일 블렌드티 T 4.1 V 5.1   민트 블렌드 티 T 4.1 V 5.1  ​  시그니처 초콜릿 T 5.3 G 5.8 V 6.3  ​  제주 유기농 녹차  유기농 말차로 만든 크림 프라푸치노 T 6.3 G 6.8 V 7.3  유기농 말차로 만든 라떼 T 6.1 G 6.6 V 7.1  제주 유기 녹차 T 4.9 V 5.9  ​  블랙글레이즈드 라떼 T 6.1 G 6.6 V 7.1  스타벅스 돌체라떼 T 5.6 G 6.1 V 6.6  화이트 초콜릿 모카 T 5.6 G6.1 V6.6  카페모카 T 5.1 G 5.6 V 6.1   카페라떼 T 4.6 G 5.1 V 5.6  디카페인 카페 아메리카노 T 4.4 G 4.9 V 5.4  카페 아메리카노 T4.1 G 4.6 V 5.1  오늘의 커피 T 3.8 G 4.3 V 4.8  ​  콜드 폼 콜드 브루 T 5.8 G 6.3 V 6.8  바닐라 크림 콜드 브루 T5.5 G 6.0 V 6.5  콜드 브루 T 4.5 G 5.0 V 5.5  ​  ​  ​    ​  ​  ​  스타벅스 신메뉴로 나온 제품의 가격은  ​  해피 치즈 화이트 모카 T 6.1 G 6.6 V 7.1  유기농 말차로 만든 라떼 S 5.6 T 6.1 G 6.6 V 7.1  골드 세서미 라떼  T 6.1 G 6.6 V 7.1  번트 치즈 케이크 6.9  랍니다  ​    ​  ​  음료 메뉴판을 훑었으면,  케이크 쇼케이스도 훑어 볼게요.  ​  스타벅스 케이크 종류와 가격은   ​  부드러운 생크림 카스테라 4.5  촉촉초콜릿생크림 5.2  진한 얼 그레이 생크림 6.9  호두당근케이크 6.5  블루베리 쿠키 치즈 6.9  클라우드 초콜릿 5.9  슈크림 가득 바움쿠헨 6.9  NEW 스트로베리 치즈 타르트 7.5  마스카포네 티라미수 5.9  7레이어 가나슈 5.7  진한 초콜릿 크레이프 5.9  진한 녹차 생크림 5.7  레드벨벳 크림치즈 5.5  클라우드 치즈 5.5  new 화이트 돌체 5.7  new 번트치즈케이크 6.9  로 모바일 배려 쩔쥬?  ​  ​  ​      ​  ​  ​  주문을 마친 뒤,  앉아있기도 심심해서,  2020 스타벅스 신년MD도 확인했는데요!  깜찍한 생쥐 워터볼이 제일 먼저 눈에띄더라고요  ​  ​  스타벅스MD 가격은  워터볼 뒷쪽에있는 머그잔 가격 19,000원  워터볼 35,000원  옆에있는 흰색 물컵 46,000원  옆에 하늘색 텀블러 33,000원  ​  장난없쥬~?  ​    ​  ​  스타벅스 신년 MD 워터볼은, 나름..  돈복있으라고 금화가 촤르르르르~  나오더라고요  ㅋㅋㅋ  ​  이쁘당.  개인적으러 스타벅스 신년MD중에  젤 이쁨  ​    ​  ​  그리고 새해 소망을 담은 찻잔 스타벅스MD  투명잔부터 16,000원  포트 28,000원  자색 잔 31,000원  자색텀블러 48,000원  텀블러 가격이 제일루 비쌌어용  ㅋㅋ  ​  ​  ​    ​  깜찍한 생쥐가 매달려있는 디테일..  넘 귀엽자너  애기들써도 좋을거같은 스타벅스Md였어용  ​  ​    ​  ​  그리고 전통 매듭이있는 자몽빛 텀블러는  31,000원  중간에 하늘색 깔끔한 텀블러가격은 32,000원  그리고 차가운 음료 전용 스타벅스MD는 31,000원이랍니다.  ​  ​  ​    ​  ​  생쥐가 은하수를 걷는듯한 느낌이 낭낭~  그래도 개인적으로 할로윈때나온  스타벅스md가 아른거리네요  이뻤는데..ㅠㅠ  ​    ​  ​  스타벅스 MD를 둘러보고나니!  신메뉴가 뿅!하고 완성 되었어요  ​  도뜨는 도뜨가 스릉흐는,  치즈가득!한 메뉴로 골라보았는데요  ​  번트 치즈케이크와,  해피 치즈 화이트 모카로 선택했어요  ​  ​    ​  ​  깜찍한 생쥐 수염과, 입모양인거같은  치즈모양 초콜릿이 콕!  근데 맛있진않더라고용.  ㅋㅋㅋㅋ  ​  번트치즈케이크랑 같이먹었다가..  속달아 죽는줄..  ​  ​    ​  ​  요즘은 환경을 위해  종이빨대로 받을 수 있었구요  ​  ​    ​  ​  콕.  ​  ​    ​  ​  깜찍한 치즈모양이 콕!  맛은 화이트 모카보다는 치즈향이..  아주 조금 부드럽게 나는편이었고..  다음에 먹으라고 하면..  굳이 요걸 또 먹고 싶다는 생각이 들진않았어요  따흑..  ​  녹차라떼가 땡기더니만..  실수였어  ​  ​  ​  ​    ​  ​  그리고 번트 치즈 케이크는,  촉촉해보이는 질감이 아주 끝내줘요  ​  ​  ​    ​  ​  크림치즈가 듬뿍! 들어간 스타벅스 케이크를  높은온도로  짧은 시간 구워 진한 맛을 낸다고 하는데요!  ​  ​    ​  ​  홈페이지 이미지와는 다르지만..  그래도 먹어보겠습니다.  다른지점은 경자년에 맞춰  홈페이지랑 똑같이 생쥐초코를 얹었던데  우리동넨 왜이런대..  ​  ​    ​  ​  촉촉함이 느껴지기는 하지만,  평소 먹었던 치즈케이크와는 다른 느낌이없었고,  ​  특유의 쫀득함이있긴하지만,  부스래기도 많이 떨어졌어요  ​  ​    ​  ​  촉촉하고,  입에 넣으면 느껴지는 꾸덕함이..  맛있어야하는데!!!  자꼬 먹으면 먹을 수록 질리는 맛이..  후..  ​  ​  ​    ​  ​  혼자 먹기엔 너무.. 많았어요.  ​  ​    ​  ​  냠냠..  내 한계치다..  ​  요즘 나이를 먹어서 그런가  입맛이 바껴서 ..,.  이걸 다 못먹다니..  도뜨 빵순이 자격없음.  ​  ​    ​  ​  설탕 시럽같은데  음...  뭐지 뭔가 향긋함이 나는맛이에요  근데 크게 맛이 ..  강하게 나진않았어요  ​  ​  ​    0​  ​  ​  다음에 또 가거든..  유기농 말차로 먹겄어..  ​  역시.. 뭐니뭐니해도 녹차여..  ​  ​  ",31,0,10,0,17,0
221777869731,"# 부모님 결혼기념일 파리바게뜨 치즈케이크&고구마치즈돈까스  오늘은 부모님 결혼기념일이었다  ​  아빠는 일찍부터 친구가 불러  정어?장어? 정식 드시러 가시고  엄만 친구와 만나 카페로 놀러가심.  ​  그리고 아빠께서 오시자마자  엄마랑 장 보러 가신다며 나가셨다.  ​  ​  0동생은 케이크 축하하려고 기다리다가  그렇게 장 보러 가신 부모님에  남친 만나러 가야 해서 나가고..  ​  ​  0후에 부모님께서 장 보고 돌아오셔서  결혼기념일 축하를 셋이서 하게 되었다는  그런 일상의 이야기!  ​    ​  이것은 고구마치즈돈까스.  ​  사실 첫번째로 튀겼던 건 조금 타서  다시 튀긴 게 이거다.  ​  (난 설거지로 정신없던 중이었고,  엄마께선 튀기시고 빨래 정리하시느라.)  ​  데리야끼 소스도 끓인 뒤,  잘 튀겨진 고구마치즈돈까스 위에 뿌려줌.  ​    ​  엄마께서 사진 찍을 거냐며  브로콜리랑 상추도 예쁘게 올려주셨다!  이 고구마치즈돈까스는 이래보여도  상당히 크기가 크다.  ​  이걸 만약 분식점에서 먹는다고 해도  고구마치즈돈까스는 8천원 대인데,  집에서 이렇게 맛있게 튀겨먹을 수 있다니!  ​  ​    ​  ​  안에는 고구마 무스와 모짜렐라치즈가  가득 들어있으면서  튀김옷도 바삭바삭해 정말 맛있다!  ​  하나당 2천원 약간 안 되는 가격인데,  퀄리티가 남달라서 소스없어도  식감이 매우 굿이었다!  ​  0그치만 데리야끼소스가 더해지면  더욱 맛있어 진다는 거ㅎ  ​  더 이상 다른 돈까스는 못 먹을 것 같다.  이 고구마치즈돈까스가 끝판왕인 듯!  ​  ​  ​  속까지 잘 익으려면  약불에서 좀 긴시간 튀겨주는 게  타지 않고 속도 잘 익는 방법 같다.  ​  ​  그렇게 밥과 반찬도 함께 해  저녁식사까지 해결!  ​  ---    ​  부모님 결혼기념일은 간단하게  파리바게뜨 치즈케이크!  ​  라고 해도 거의 3만원 대.  요즘 케이크 가격 참 높아진 것 같다.  ​  예전과 달리 요즘은  2만원 아래인 케이크가 손에 꼽음.  ​  ​  0생크림케이크는 빨리 물리는 느낌이라  역시 치즈케이크가 좋다 :)  ​  생긴 건 생크림케이크가 예쁘지만  맛을 위해 선택한 치즈케이크.  ​  0~10도에서 냉장보관해야 함.  ​    ​  ​  치즈맛의 풍미는 확실히 파리바게뜨의  치즈케이크가 굿!이다.  ​  그러고 보면 약 12년 전  치즈케이크를 처음 먹어보고  그 매력에 흠뻑 빠진 뒤로 쭉 좋아하는데!  ​    ​  특히 위에 이렇게 반질반질한  시럽 느낌의 젤라틴 같은 코팅과  크림치즈의 촉촉하고 부드러운 맛이 일품!  그리고 눈처럼 솔솔 뿌려진 슈가 파우더.  ​    ​  부모님과 나.  셋이서 결혼기념일 축하송을 부르고  커팅해 고구마치즈돈까스 등과 함께 냠냠!  ​  ​  0역시 치즈케이크는 아메리카노와 잘 어울려  난 아이스 아메리카노를 타서  함께 먹었더니 딱 맛있었다.  ​  ​  ""여러분 기억하세요  케이크엔 아메리카노입니다!  이 조합을 이길 순 없습니다:D""  ",7,5,0,0,20,0
221458528003,"# 을지로 카페 레트로감성의 카페 잔, 톰과제리 치즈케이크가 있다!  요즘 을지로와 종로 출입이 잦은   지봉공쥬와 봉구씨 입니다  계속 봉구씨는 부부 블로거 라고 주장하네요 :)  ​  레트로 감성이 힙스터들에게 반응을 얻으면서   인싸들이 을지로, 종로로 발걸음을 옮기고 있대요  힙지로 오예  0  원조 골뱅이 간판이 수두룩 빽빽 한곳에 카페가??  골뱅이거리를 걷다보면    작은 입간판 하나가 딱   커피랑 와인 적힌걸 보고   아 여기구나 하는 생각이 들어요        그래서 고개를 살짝 돌려 간판을 보면  작은 간판에 잔 이라고 쓰여 있어요  길치면 그냥 지나칠 수도 있을법한 느낌  을지로 #카페잔    계단을 하나씩 밟으며 3층 도착  0  매일 11:30 - 24:00  일요일 휴무  ​  을지로 잔은 저녁 7시까지는 카페  그 이후에는 술과 안주만 주문 가능하니 참고 하세요  0그리고 잔의 새로운 공간  루이스의 사물들 오픈 했다고 붙여져 있는데  인스타 보면서 비슷하다고 생각했는데  같은 사장님이 하시는것 같아요    좁은 계단을 따라 올라오면  진짜 이런 곳에 카페가 있다니 하면서 들어서게 된답니다    카운터 겸 커피와 케이크를 내어주는 공간      그 옆으로 빈티지하고 레트로한 감성이 잔뜩 묻어 있는  예쁜 잔과 접시들이 가득하더라고요    음료를 주문할 때, 원하는 잔을 직접 골라   카운터 쪽으로 주면  내가 고른 잔에   예쁘게 음료가 담겨 나오는 곳으로 유명하더라고요    인간과 사물이 인연이 되고  공간을 만나 새로이 태어난다      을지로 잔의 유명한 시그니쳐 케이크  톰과제리 치즈케이크   짱 귀엽 커엽커엽♥️  ​  한켠엔 또 다른 1종류 생크림초코케이크    작은 소품들도 있고요  저녁에 마실 수 있는 캔 와인도 보이네요    냉장고엔   저녁 7시 이후 술과 안주만 가능하다고 하던데  치즈,햄등의 와인 안주들    본인 취향의 잔을 고른 뒤  가져와서 주문해주세요  카페 잔에서는 1인 1음료를 주문해야 해요  0  #베트남연유커피 아이스  #아이스아메리카노  그리고 #톰과제리치즈케이크 주문합니다      음료 나올때까지 곳곳에 예쁜 포인트 구경하기  0을지로 잔 도 점심시간 지나니   몰리는 손님들로 웨이팅이 있더라고요  카페에 웨이팅 이라니 신기방기    내부 역시 레트로 감성이 묻어나는 화려한 벽지와  독특한 조명, 가구들로 가득    뜯겨 나간 것 같은 벽도 인상적이고  챙 넓은 모자안에 전구를 넣은듯한 깨알센스  잔 카페와 분위기가 너무 매칭되는 느낌      손님들이 워낙 많아서    내부 사진은 민폐인것 같아  벽에 걸려진 소품들만 몇개 찍찍      한 층 올라가면 루프탑이 있더라고요      날이 좋을 땐 루프탑에서   커피를 마셔도 좋을 것 같아요  지금은 춥춥이라 입 돌아갑니다 후덜덜    도심 한 가운데 루프탑   미세먼지가 걱정되긴 하지만    날 좋을땐 하늘보며 마시는 차 한잔이 힐링이니까요    단독테이블엔 벌써 손님들이 있고  큰테이블에 쉐어해서 앉는 경우가 더 많아요    손때 묻은듯한 가구와 소품들이  빈티지한 잔의 감성에 자연스럽게 녹아 든 모습    우리가 주문한 메뉴   베트남 연유커피는 커피가 추출 될때까지  10분정도 기다려야 한대서 기달기달    오랜만에 내가 찍은 사진들  봉구씨를 위해 일부러 제일 큰잔에 아아 시켰는데  맥주컵 같다는 ㅋ ㅋ  0  케이크 진짜 귀엽다  구멍 뽕뽕 에멘탈 치즈 모양    딱 톰과제리 치즈케이크♥️  네이밍센스와     드디어 베트남 연유라떼의 커피추출이 끝났다요    베트남 연유커피 쉐킷쉐킷  연유를 잘 저어줍니다  ​  단건 알고 있었고   한입 먹으니까 옥수수향? 보리향?  곡물맛이 느껴지는데 내가 좋아하는 커피향은 아님  아아는 뭐 누구나 아는 아아맛      톰과제리 치즈케이크 냠냠      부드러운 치즈케이크  겉에 코팅되어 있는   화이트초콜렛이 달긴하지만  베이스인 치즈케이크가 많이 달지 않아서 만족  엄청 달고 느끼한 치즈케이크가 아니라  연유커피와의 조합도 그리 나쁘지 않았어요  0  아쉬운건 연유라떼 잔이 다들 작고  뭔가 양이 덜 채워졌다는 느낌이 드네요      먹다가 저녁도 먹어야하고   살짝 물려서 반 남기고 포장부탁했어요  젊을때야 싸가는거 부끄러워서 그냥 두고 왔겠지만  나이드니 아꿉 ㅋㅋ ㅋ    야무지게 포장해서 뒷날   디카페인 카누타서 아아랑 클리어 했다요  ​  막 커피 존맛탱, 케이크 존맛탱은 아니지만  분위기와 인테리어, 음악과 감성이 좋았던  #을지로카페잔  한번쯤 방문해보기 좋은 카페인것 같아요  ​  이상 힙지로 카페 잔 후기였어요  0​  ",55,7,0,1,17,0
221936432129,"# <스벅/스타벅스 스페셜> 블루베리쿠키 치즈케이크 & 클래식 스콘 & 초콜릿 스콘  안녕하세요.  댐비입니다:)  ​  한동안 코로나로 인해 좋아하던   카페도 좀 멀리 했는데요.  아직까지 오래 머물기엔 좀 그렇고  테이크 아웃을 종종 이용하고 있습니다.  디저트를 너무 좋아해서 한 때는  신제품이 나오면 친구들이 저한테 후기를  물어보곤 할 정도로 모든 디저트를 섭렵했는데  어느 순간부터 디저트에 대한 욕구(?)가  사그라듬ㅋㅋ  그래도 있으면 잘 먹고,   가끔 아주 격렬하게 생각나는!!  특히 스타벅스 케이크는 다 맛봐야 성이 찼는데  신제품 ㅠㅠ속도를 요즘 못따라감..  그래서 그냥 최애 디저트들 먹기 ㅎㅎ    생일 때 받은 기프티콘 한가득!  기프티콘 쓰기:)  원래 스콘을 사려고 간거라!  ​  초콜릿 스콘 3500  클래식 스콘 3300  블루베리 쿠키치즈케이크 6900  ​  클래식 스콘이랑 초콜릿 스콘이랑   가격이 다르넴...  원래 클래식 스콘만 두개 달라고 했는데  하필 하나밖에 안남아있어서 하나는 초콜릿으루  단거 너무 좋아하지만 스콘은  고소한 버터 풍미 느끼기 위해 먹는거라  역시 ㅠㅠ클래식이 짱.    스콘으로만 다 살까하다가   케이크 겟.!  호두당근케이크가 당겨서 고민하다가  그래도 치즈를 사쟈 하고 ㅋㅋ        블루베리 쿠키치즈케이크  예전에는 블루베리가 더 빼곡했던 것 같은데  뭔가 듬성ㅋㅋㅋㅋ  그리고 쿠키층이 두꺼워졌나? 싶은데  너무 오랜만에 먹어서 기억이 안남!  하지만 난 쿠키 시트를 매우 좋아하므로  두꺼울수록 좋음!!!      뭔가 쿠키 부셔서 뭉쳐놓은 부분같다랄까 ㅎㅎ  시트맛이 달달하면서 좋음! 씹는맛도 있고  블루베리 졸여져 있어서 달큼 상큼        예전엔 이정도면 한입꺼리인데  디저트..요즘 잘 못먹겠음ㅋㅋㅋ  반절만 먹기로.  단면샷!!      치즈케이크는 먹기 전 냉장고에 넣어두고  차갑게 먹어야 더 제맛!!!  꾸덕이 치즈케이크에요!  필라델피아 치즈케이크 맛이랄까.    쿠키, 블루베리, 치즈케이크 조화~        혼자 다먹기엔 조금 버거운거라  반절 먹으니 딱 좋았다  아메리카노랑 짝~  그나저나 사진 엄청 찍음ㅋㅋㅋ    진짜 오랜만에 땡긴 스콘.  스벅 스콘 너무 좋아!  원래 이렇게 밀봉되어 있지 않았던 거 같은데  요렇게 되어 있으니 더 좋다!!   나중에 먹어도 부담없고~  그리고 미니스콘만 있어서 큰거 없냐고 했더니  안에 있어서 꺼내주심!!  미니스콘보다 뭔가 큼직한게 더 좋음ㅋㅋ      투박하게 생긴 스콘.  스콘이 진짜 칼로리가 높다는데  알고싶지 않아.  맛있으면 되지.    스벅에서 먹을 땐 데워달라고 하는데  테이크 아웃이므로 고대로 가져오기.  전자렌지 45초 돌림!  30초는 너무 약하고 60초는 너무강한듯.        데우면 한결 촉촉해져서 나오고  버터향이 쫘악~  역시 플레인이 짱이에요.      요것도 반절만,  엄마 먹더니 목막히는게 딱 니스타일이라고 ㅋㅋ  저 목막히는 과자 좋아해요...ㅋㅋㅋ  그래서 스콘도 좋아하는듯.  고소하고 달달하고 짱좋음.  근데 이거 엄청 배불배불  케이크 반절, 플레인 스콘 반절 끝.  초코 스콘은 나중에 먹음        스타벅스 초콜릿 스콘은 처음!  클래식 한개밖에 없어서  초콜릿이랑 레이즈 스콘 중에 선택해야 했는데  레이즈 스콘 너무 생소해서 초콜릿 선택..  허나 그냥 레이즈 시킬걸ㅋㅋ  이건 스콘이라기엔 초콜릿 쿠키라고 하는게  더 맞는 것 같음!ㅋㅋㅋ  그래도 당충전에 진짜 짱.      초코가 생각보다 진짜 많이 박혀있음  데우기 전에 찍어서 우수수 떨어지네  플레인보다 꾸덕이 느낌아니고  약간 진짜 쿠키느낌?  전자렌지에 너무 돌리면 초코들이 너무 녹아서  적당히 돌려야 한다.      맛있는데 너무 달당 ㅠㅠㅋㅋ  달달한 디저트 먹고 싶을 때 먹어야지  스콘 특유의 꾸덕함과 버터 고소함 느끼고 싶을떄  먹을 스콘은 아닌듯!!  무튼 초코초코하니 좋다!!  ​  냠냠 간만에 디저트 포스팅~~  0​  ",37,1,0,0,24,0
221900332007,"# 도미노 치즈케이크 블랙타이거 피자 제법 괜찮네요.  도미노  치즈케이크   블랙타이거 피자  어무니께서 오래간만에  피자가 드시고 싶다고 하셔서  도미노 치즈케이크 블랙타이거 피자를  주문해 보았다. 우선 주문해놓구  나들이를 다녀옴 ㅎㅎ    엄마랑 하나씩 나눠먹을 츄파춥스랑  바나나우유를 손에 쥐어가지구  다시금 향하는 길    배달앱 처음 이용해본 날...  룰루랄라 이것이 바로 내가  요기요 어플로 주문한 현황인데  M사이즈 24,000원에  네이버페이 보유포인트 하니까  12,526 혜자스런 가격에 결제완료!    10분-15분만에 도착...  정말 순식간에 도착하였도다.  봉다리에는 피클, 핫소스가 담겨옴.    뚜껑을 열자 모습을  드러내는 욘석.  동그란 도우 위에 피자가  까득 둘리고, 위에는 파인애플,  채소와 자칭 블랙타이거새우가   화룡점정을 이뤘다.    피클하구 핫소스.  아주 단출한 구성-  콜라를 살짝 기대한건   내 욕심이었구나 하구  고개를 끄덕였음.    도미노 치즈케이크 블랙타이거 피자는  중간에 치즈가 깔려있다.  사실 치즈케이크라구 해서  되게 꾸떡한게 도우에  들어가 있을지 알았는데  그냥 데니쉬 사이에 저런  노르스름한게 담겨있어  약간 예상 외였다.    한조각 집어서 베어물면  치즈의 향기가 풍기고,  쫀득하게 씹힌다.    안에 들어간 내용물이  다부져서 씹어먹는 재미가   꽤 있었음. 방금 만들어져  나온 것이어서 신선도는 100점이었다.    다시 한번 더 치즈의 비주얼을  담았다. 이건 쫌더 알알이 담긴듯.  아주 꾸덕한 느낌은 아니고  묵직하게 물리는 느낌?으로 씹힌다.    토마토도 들어가 있어  되게 상콤함.  토마토를 넣어주신건 신의 한 수.  느끼할 법할 때 느끼한 맛을  잡아줘서 좋더라.    돌돌 말아서 욱여 넣으면 됨.  나는 어렸을적부터 2조각이  최대였는데...또 줄었는지  한조각 먹구 그 다음 한조각은  가위로 잘라서 먹음.  즉 하나 반개 먹음 ㅋㅋㅋ    도미노 치즈케이크 블랙타이거 피자  은근 괜찮았당.  나는 원래 마라탕 취향이어서  이런것보다 탕이 좋긴 하지만  오래간만에 먹는 거여서,  엄마가 드시고 싶어 하시던 거여서  불만 가지지 않고 먹음 ㅎㅎ    새우도 건져내서 먹었다.  도우랑 같이 베어물면 좋겠다만  덩어리째 지다 보니까  그냥 낱개로 건져내서 먹는게 최고!    냠냠쩝쩝. 먹으면 먹을수록   느끼하..긴 했지만 일단  정성이 가득 느껴져서   맛깔나게 먹었다.    핫소스도 재량껏 뿌려서  먹으면 되는데, 이렇게 위에  흩뿌려서 먹으니까 꿀조합이었다.    매콤달달에다가 새콤한 맛이  어우러지니까 금상첨화였다.  결결이 흐르는 상콤함이  매력적인 파인애플이  입맛을 다 잡아줌.    위에는 파슬리가루? 같은 것두  뿌려져 있어서 더 짙은  풍미를 느끼며 먹을 수 있었다.    사이를 들여다 보면 이러한  비주얼을 보임. 얇은 도우  몇장이 겹쳐있어 부담 없이  씹힌다는 느낌이 좋았음.    도미노 치즈케이크 블랙타이거 피자  M사이즈로 먹어본 결과,  둘이서 먹구 두조각 가량 남겼음!  위에 올라간 토핑이 제법  푸짐해서 한조각만 먹어도 배가 불렀다네.  맛나게 잘먹었도다!  00#치즈케이크블랙타이거피자  #도미노피자  ",21,0,5,1,15,0
221712025811,"# 청주카페 'C27' :: 27가지의 치즈케이크를 맛볼 수 있는 곳  ​  안녕하세요, 쪼코바예요.  ​  혹시 여러분은 치즈 좋아하시나요?  저는 완전 좋아해요-!  치즈 들어간 음식은 다 좋아하는 치즈덕후랍니다 ㅎ   그래서 항상 어디 가서 메뉴 골라도  꼭 치즈 들어간 음식으로 주문해요.  ​  그런데 이번에 서울에서 치즈케이크 전문 카페로 유명한  C27이 청주 시내에도 생겼다고하더라구요!  ​  0소식을 듣자마자 바로 시내로 고고-!!!  ​    27가지의 프리미엄 치즈 케이크전문 카페  C27   ​  깊은 맛과 풍미가 더한 27가지의 프리미엄 치즈케이크와  여성들이 사랑할 수밖에 없는 27가지의 공간을 한 곳에 담은 곳이에요.  30년 정통의 테마파크 기획 전문가의 지휘 아래,   여성들이 좋아하는 27가지를 한 가지 공간에 담아낸   C27은 치즈 디저트뿐만 아니라,  다양한 이야기가 함께 있는 복합 문화공간이랍니다.  ​  청주카페 C27은 지하상가 횡단보도 사거리에  위치하고 있어요.  고급스러움이 느껴지는 입구가 큰 도로변 쪽에 있어서   헤매지 않고 금방 찾을 수 있었어요.  ​    ​  시내에서는 주차하기 정말 힘든데   C27은 건물 바로 뒤편에 주차장이 따로 있어서 정말 좋았어요.  ​  주차 걱정할 필요 없이 카페에서   열심히 먹고 수다 떨어도 된다는 뜻..ㅋ  ​    ​  9월27일 C27 멤버십 앱도 출시되었어요.  앱을 설치하면 아메리카노 무료 쿠폰 증정!  그 외에 앱 출시 기념으로 다양한 이벤트도 진행 중이니   참여하셔서 많은 혜택 받아 가시면 좋을 거 같아요!  ​    ​  영업시간은 AM. 10:00 -  PM. 11:00까지예요.  휴무일은 따로 없기 때문에   언제든지 치즈케이크가 먹고 싶을 때  C27에 방문하면 된답니다!  ​    ​   C27 매장 내부는   깔끔하고 앤틱한 분위기의  정말 따뜻하고 고급진 느낌이에요.  ​    ​  단체 모임으로 여럿이 앉을 수 있는 큰 테이블과   친구나 연인들이 앉기에 딱 좋은 2인~4인 작은 테이블,  창가 쪽에는 혼자서도 여유롭게 커피를 마실 수 있는 1인석으로 되어있어요.  ​    ​  0안쪽까지 자리가 있어서 깜짝 놀랐어요.  천장도 높고 매장도 정말 넓어요-!  ​    ​  곳곳이 사진 찍기 좋은 포토존 -  조명이 은은해서 어떤 각도로 어떻게 찍어도   정말 이쁘게 나올 거 같아요  청주카페 C27에 오면 인생샷도 여러 장 건져가세요!  ​    ​  제일 마음에 들었던 커다란 치즈케이크와 포크 모형  C27의 대표 상징이죠 ㅎㅎㅎ  누가 봐도 '여기 치즈케이크 전문임'을   알 수 있게끔 하는 모형이에요  ​    ​  이쁘고 독특한 장식품들이 많아  구경거리가 한가득-  ​    ​  장식되어 있는 소품들도  하나같이 다 너무 탐나네요.  ​  매장 자체적으로 너무 이뻐서  청주데이트 장소로도 강추-!!!  ​    ​  치즈 풍년-!  치즈케이크가 주렁주렁 달린 나무예요.  처음에는 몰랐는데 자세히 보니 치즈케이크더라구요 ㅋ   0진짜 실제로 저런 나무가 있으면 얼마나 좋을까...  ​    ​  셀프바에는 빨대, 시럽, 물, 컵, 냅킨이 준비되어 있어요.  셀프바도 깔끔하고 깨끗한 걸 보니  매장 관리가 정말 잘 되어있는 것 같아요!  ​    ​  카운터 옆에서는 다양한 텀블러를 판매하고 있어요.  텀블러 하나 장만해서 따뜻한 커피도 마시고  일회용품 사용도 줄여요 :-)  ​    ​   C27의 2020년 다이어리예요.  표지도 이쁘고 속내도 깔끔하죠?  2019년 11월 1일부터 20일까지 사전예약 시  C27 포크볼펜 3종 세트를 증정해주는 이벤트가 있어요.  ​  처음에는 포크 주는 줄 알았는데 볼펜이었네요ㅋㅋㅋㅋ   귀여운 디자인의 포크볼펜은  보면 볼수록 탐나요 -!  ​    ​     숫자초와 일반초도 있는데  실버와 골드 색상이 고급진 느낌이에요-!  ​  치즈케이크 포장박스는 둥글둥글하니   귀엽고 이쁨♥  ​    ​  청주카페 C27은 일반 커피부터 라테, 프라페, 티, 에이드 등  다양하게 준비되어 있어요.  ​  인터넷에 찾아보니   C27의 치즈맛 황금아이스크림도 유명하더라구요.  정말 먹어보고 싶었지만 오늘의 주 목적은 치즈케이크이기 때문에   꾸욱- 참았어요..!  ​    ​   동글동글한 모양의 치즈바이트  ​  치즈바이트는 동글한 케이크에 초코코팅을 한   치즈케이크의 미니 사이즈예요.  선물포장박스가 따로 있어서 선물용으로도 좋아요!  0누가 나한테 선물 안 해주나...  주면 두 팔 벌려 대환영인데ㅋㅋㅋ   ​    ​  파인민트,초코퍼지,퓨어치즈,스윗베리,  카페오레,리얼블루 총 6가지의 푸딩치즈케이크  ​  숟가락으로 떠먹는 한 손에 쏙- 들어오는   작은 사이즈의 케이크예요.  너무 귀요미 -!!   정말 C27은 비주얼부터가 여성 취향 저격인 듯...!  ​    ​  오레오,리코타스트로베리  당근,턱시도무스  ​  C27의 치즈케이크는 향이 짙고 풍미가 좋은 프랑스 치즈와   담백하고 고소한 호주의 치즈를 블렌딩하여   최고의 재료들로 만들어진 케이크예요.  ​    ​  더치애플, 브라우니  ​  치즈를 2배 더, 고함량의 치즈를 사용했기 때문에  치즈의 본연의 진한 맛을 느낄 수 있답니다!  ​    ​  믹스베리,마쉬멜로우 쇼콜라  티라미수, 와일드 스트로베리  ​  치즈케이크의 종류가 27가지...!  겹치는 것 하나 없이 종류가 정말 다양해서  뭘 먹어야 할지 정말 고민되더라구요.  ​    ​  코코&바나나,민트초코  베리&베리,크레이지 레드벨벳  ​  C27 치즈케이크는 옆에   달달함, 부드러움, 고소함, 상큼함의 정도가 표시되어 있어   케이크 고를 때 좀 더 수월하게 선택할 수 있어요.  ​    ​  까망베르, 넛츠&넛츠  리코타&뉴욕,초콜릿 체리  ​  전부 다 맛있어 보여서 고르는 게 더 힘들었어요.  이것도 저것도 다 먹고 싶다...  ​    ​  트리플바나나, 플레인  ​  결국에는 직원분께 SOS -!  바쁘신데도 선택 장애인 저희에게   메뉴 설명도 자세히 해주시고 이것저것 추천도 해주셨어요.  ​    ​  저희는 코코&바나나 치즈케이크와  스윗베리 푸딩치즈케이크,따뜻한 아메리카노,바닐라라떼로 주문했어요.  ​    ​  달콤한 디저트에는 역시 진한 풍미의 아메리카노-  ​    ​  부드럽고 달달한 바닐라라떼  당 충전 만땅 ㅋ  ​       저희가 선택한 코코&바나나 치즈케이크는   코코넛과 아몬드를 넣은 고소한 크림과  바나나를 듬뿍 넣어 맛있게 만든 바나나 치즈케이크예요.  ​    ​  치즈케이크 위에 바삭한 코코넛 칩과   바나나칩이 올려져 있어 케이크 먹을 때마다   오독오독 씹히는 식감이 매력 있어요.  ​    ​  케이크 접시에는 초코 소스가 뿌려져있고  한 쪽에 소량의 치즈가루가 같이 나와요-!  요 치즈가루와 치즈케이크를 같이 먹으면  케이크의 풍미와 맛을 한층 더 좋게 해준다고 해요.      0​  코코넛과 바나나의 조합이 정말 굿-!  코코넛 맛보다는 바나나의 향과 맛이 좀 더 진하고 달콤해요-  ​    ​  ​  0꾸덕꾸덕하고 진한 가운데 부분..  역시 치즈케이크는 꾸덕해야 제 맛이죠!  ​    ​  바나나칩과 코코넛칩은 따로 먹어도 맛있지만  이렇게 같이 먹음 식감이 더욱 좋고 맛있어요!  ​    ​  치즈가루에다가도 콕 찍어서 냠냠 -  ​    ​  스윗베리 푸딩치즈케이크  ​  냉동상태로 제공되기 때문에  10-15분 정도 지난 후에 먹을 수 있어요.  ​  녹는 상태에 따라 식감이 달라지는데  저는 15분? 정도 기다렸던 것 같아요.  ​    ​   평소 자주 먹었던 탱글탱글한 푸딩과는 달라요!  저는 해동이 덜 되었는지 약간 딸기치즈 아이스크림 먹는 듯한 느낌이었어요.  맛있어서 계속 퍼묵퍼묵- !  ​    ​  아포가토처럼 먹어도  비스킷에 올려 먹어도  마카롱 꼬끄 사이에 넣어 먹어도  맛있는 푸딩치즈케이크♥  어떻게 먹어도 맛있어요 -!  ​  청주에도 이렇게 치즈케이크 전문 카페가   생겨서 너무 행복해요 -  27가지의 다양한 종류의   치즈케이크가 있는 이쁜 카페 C27  ​  치즈케이크 좋아하신다면   꼭 한번 방문해보세요.  ​  ​  ​  https://www.instagram.com/27cheesecake/  [https://www.instagram.com/27cheesecake/](https://www.instagram.com/27cheesecake/)  ​  0​  위치 : 충북 청주시 상당구 사직대로 379 (북문로2가, 타임타워) 1층 101호  연락처 : 043 - 223 - 1727  ​  영업시간 : 10:00 - 23:00  연중무휴  ",46,5,14,0,24,0
221571253534,"# 매년 잊지 않고 찾는 하와이 맛집 - 치즈케이크 팩토리  결혼 4년, 결혼 후 매년 하와이를 찾는데 항상 잊지 않고 찾게 되는 만만한 집? 아무거나 시켜도 맛있는 집.  저녁에는 대기가 어마어마하지만 점심시간을 살짝 피해 갔더니 바로 자리를 안내받았어요.   ​  OPEN   주중 11:00 - 23:00  주말 10:00 - 23:00  ​  ​    저희는 어두운 실내보다는 테라스 자리를 선호해서 테라스석으로 안내받았어요.   ​  ​    언니랑 형부   다정해 보이네 ~ 내가 순간 포착했엉 ~~~ 잘했지? ㅎㅎㅎ  ​  ​  ​    ​    식전 빵   버터랑 따뜻한 빵 ~ 식전 빵부터 맛있으 ~  사실 식전 빵은 울프강이 더 맛있긴 한데... 치즈 케이크 팩토리도 맛있음 ^^  ​  ​      아보카도 에그롤 13.95  이 메뉴도 항상 시키는 메뉴인데 ~ 처음 먹었을 때 진짜 뭐야? 처음 먹어보는 맛이었어요.   롤로 맛있지만 저 달콤한 소스가 진짜 엄지 척이에요!!   ​  ​  ​      클래식 버거 15.50  저는 버거는 조금 먹어봐서 맛이 기억이 잘 안 나지만 ~ 맛있었던 것 같아요.   우리에게 익숙한 맛입니다.   ​  ​    앞접시도 넉넉하게 챙겨주시고 ~ 물도 1인당 하나씩 시켰더니 메뉴 3개만 시켜도 테이블이 금방 차네요.  ​  ​      패티가 두툼 ~  안에 피클이랑 토마토 넣어서 냠냠   ​  ​      미트볼 스파게티 19.95  미트볼이 어마어마하게 커서 다 먹지도 못했던 미트볼 스파게티 ~  하와이 가기 전에 미트 스파게티가 먹고 싶었는데 ~ 제대로 된 집이 없어서 못 먹다가 여기서 먹게 되었는데 ~ 엄청 맛있다 이런 건 아니지만 그래도 저는 정말 맛있게 먹었어요.   ​       누구나 좋아하는 아보카도 에그롤.  맥주 안주로도 좋으니 드셔보세요. 남으면 포장해가서 저녁에 먹어도 맛있어요.   물론 좀 눅눅해지지만 소스가 맛있어서 소스를 듬뿍 찍어 먹으면 JMT  ​  ​    따끈따끈할 때 먹으면 어디서 먹어도 맛있는 감자튀김 되시겠습니다.   저는 사실 감튀를 엄청 좋아해요. 케첩 듬뿍 찍어서 먹으면 커피랑 먹어도 맛있고 ~ 그냥 먹어도 맛있고 맥주랑 먹어도 너무너무 맛있죠 ~~~  ​  조카도 좋아해서 밖에서 음식 시킬 때 감튀 하나씩 꼭 시키는데 이번에는 햄버거 사이드로 넉넉하게 나와서 따로 주문은 안 했어요.   ​  ​    심각하게 카카오 프렌즈 책을 보네 ㅋㅋㅋ  너의 미간의 인상은 확실히 언니의 아들임을 증명해주는구나. 푸하하  ​  ​      치즈케이크가 유명한 치즈 케이크 팩토리  근데 우리 입에는 너무 안 맞는 케이크니 시키지 말자고 했지만 조카는 자기가 먹겠다며 케이크를 시켜달라고 해서 자기가 먹고 싶은 걸로 시켰어요.   가격은 8.50  ​  ​    아보카도 에그롤, 미트볼 스파게티, 클래식 버거, 케이크   4가지 60.63 나왔어요.      팁은 낮에는 보통 15-18%  밤에는 20%를 준다고 하니 ~ 담당 서버분의 서비스를 보고 판단하셔요 ^^  ​  ​  0​  ​  ​  ",20,0,0,0,14,0
222000678125,"# 하루쨩, 익산 요거프레소에서 메리베리, 쿠앤크, 망고와플, 치즈케이크 냠냠해보다!  하루쨩이 룸카페를 간 날, 룸 카페를 가기 전에 갔던 곳이 바로바로  0​  익산 요거프레소였습니다!  쇼핑앱에 요거프레소 쿠폰이 원래 가격보다 조금 더 싸게 나왔길래 구매해놨다가 가보았지요.  0하루쨩의 최애 카페(?) ㅎ_ㅎ  ​    ​  하루쨩이 아마 11시 넘어서 도착했던 거 같은데 참으로 조용하지유.   매장이 넓고 깔끔하더라고요. ㅎㅎ  ​    ​  하루쨩이 요거프레소에서 주문한 아이들은 이렇습니다!  ​  메리베리, 쿠앤크, 생크림 망고 와플, 치즈케이크!  ​  이 중에 뭐가 하루쨩의 음료일까유?  ​    ​  그렇습니다. 요거프레소 메리베리입니다!  과일 + 요거트를 좋아하는 하루쨩의 취저 음료!!!!! 완전 감동 ㅠㅠㅠㅠ  메론도 있던데 이건 시즌이 안 맞았고ㅠㅠ, 망고는 예전에 먹어봤고, 딸기도 먹어봤기 때문에 안 먹어본 블루베리로! ㅎㅎㅎ  ​    ​  이거는 같이 갔던 어른이님이 시켰던 쿠앤크  ​    ​  하루쨩이 좋아하는 생크림 망고 와플  ​    ​  쿠폰 가격이 남아서 주문했던 치즈케이크!  ​    ​  일단 메리베리 위에 있는 블루베리 한 알 한 알 숟가락으로 떠서 먹고요 ㅋ_ㅋ  ​    ​  음.... 어..... 음..... 망고 와플 모양이 난리이긴 하지만 ^^;;  한 입 크기로 조각조각 내서  ​    ​  망고와 함께 냠냠!  ​    ​  메리베리 위에 올라가있던 블루베리를 1차 해결하니 나오는 요거트!   이 부분 넘나 맛있어요 ><  ​    ​  음료 먹으랴 와플 먹으랴 치즈 케이크 먹으랴 ㅋㅋㅋㅋ 정신없는 하루쨩 ㅡ,.ㅡ  ​    ​  요거트를 파먹다 보니 또 나오는 블루베리와 생크림!  오. 이 음료에 생크림이 들어가는 건 처음 보는 거 같습니다요 +_+  ​    ​  양이 많다고 생각했지만 하루쨩은 역시나 깔끔하게 클리어 했습니다요  0​  하루쨩, 요거프레소에서 메리베리, 쿠앤크, 망고와플, 치즈케이크 냠냠해보다!  일단 메리베리..... 역시 가격이 사악한 만큼 맛있습니다요. 블루베리는 얼린 거라 먹을 때마다 이가 시리긴 했지만(ㅠㅠ)  안에 요거트랑 생크림이랑 넘나 맛있게 먹었고, 망고 와플도 맛있게 잘 먹었어요! 개인적으로 먹어본 와플 중에 요거프레소꺼가 제일 맛있는 듯.  물론 와플을 두세 곳 정도만에서 먹어본 게 다인 게 함정.......ㅋㅋㅋㅋㅋㅋㅋㅋㅋㅋㅋㅋㅋㅋ  쿠앤크는 그냥 쿠앤크 맛. 치즈케이크도 그냥 치즈케이크 맛. ㅎㅎ  쿠폰 사서 사용하면 잔액이 좀 남으면 그거 킵 해놨다가 쓸 수 있는지 없는지 몰라서 그냥 막 질러서 다 먹긴 했는데  이렇게 먹으니 배가 부르더라고요. 밥도 먹고 싶었었는데 배불러서 포기 ㅠㅠ   아무튼 늠나 호화롭게 시간을 보냈던 하루쨩의 일기였습니다요.  ",13,2,0,0,13,0
221748274202,"# 코스트코 피자 & 치즈케이크 메리크리스마스 홈파티!!  ​  ​  ​  ​  지난 월요일.  날씨가 추우니 뚠뚜니 왕패딩을 입고!!  아침일찍 청주에서 세종까지   2시간의 긴 여정을 시작했다.ㅋㅋ  ​  ​    ​  ​  집에서 버스타고 한시간 반을 달려 오송에 도착.  오송에서 BRT타고 다시 30분 달려   세종 사촌언니네집에 도착했다.  ​  0하필 청주 끝과 세종 끝에 살아서   더 멀리멀리 버스를 오래 타야했었지..ㅋㅋ  ​  ​  ​    ​  ​  대전에서 교육이 있어서   하루전날 세종에 미리 도착한 덩생이가   튀김소보로 사다둬서 도착하자마자 먹었다.  ​  0전에 튀김소보로만 먹어봤는데  튀소구마가 진짜 맛있음!!!  담에 아빠랑 대전가면   성심당 튀소구마 왕창 사와야지.  ​  ​  ​    ​  ​  점심을 먹을겸 나가서 고봉민김밥에 갔다.  나는 역시나 돈까스김밥 ㅋㅋ  사촌덩생이는 오므라이스를 냠냠  ​  ​    ​  ​  0고봉민김밥 돈까스김밥이 너무 좋다.  집앞에 있는거도 진짜 자주가는데  세종에서도 고봉민감..ㅋㅋㅋ  ​  ​  ​    ​  ​  전날밤에 언니랑 사촌덩생이랑   내덩생이가 만들어둔   크리스마스 해피뉴이어 문구(?)도   커튼에 열심히 달아봤다.ㅋㅋㅋ  ​  0이렇게보니 참 이쁘네.ㅋㅋ  ​  ​  ​    ​  ​  사촌덩생이랑 세종 코스트코에가서   저녁에 먹을 파티음식들을 잔뜩 사왔다.  ​  ​  0지난 금요일에 다녀오고 3일만에   세종코스트코에 또 다녀옴..ㅋㅋㅋ  진짜 세종살면 일주일에 한 번은 꼭 갈듯..  ​  ​  덕분에 코스트코 휴일도 알아냄.ㅋㅋ  세종코스트코 영업 안내  ​  12월 31일 오후 7시 폐점  1월 1일 신정 휴무  1월 2일 부터 정상영업  ​  ​  ​  ​    ​  ​  동네 마트에서 제로콜라랑 맥주도 몇 개 사왔지.  사촌동생이 구워둔 고구마도 올리고,   코스트코에서 사온 피자, 치즈케이크,   머핀도 올렸는데 진짜 머핀엔 손도못댔네 ㅋ  배터지는줄!!! ㅋㅋㅋ  ​  0근데 이렇게 차려놓으니 너무 행복했다 정말  ​  ​    ​  ​  0각자 골라온 맥주 하나씩 와인잔에 따라서  파티분위기도 내봤지 ㅋㅋㅋ  ​  이렇게 넷이 모여서 노는게 얼마만인지.  덩생이 교육덕분에 넷이 다 모여서 놀았다.ㅋㅋ  ​  ​  ​    ​  ​  0그리고 생각지도 못했던 언니의 선물.  내가 좋아하는 옴팡이 짜져있을게 맛소금 볼펜도 너무 귀여웠떠...ㅋㅋㅋ  ​  ​  ​    ​  ​  0매일 매일 감사하는 마음으로   행복한 톳토가 되길!!  ​  ​  늘 좋은이야기를 많이 해주는 사촌언니.  항상 고맙고 참 고마운 언니다.  히힛 땡큐해 언니!!!  ​  ​  0아무튼 이틀동안 참 즐겁게 수다떨고   나름의 크리스마스 홈파티를!! ㅋㅋ  그냥 모이는 것 자체가 즐겁다.  ​  ​  ​  ​  0언니가 또 놀러오라고 했으니  조만간 또 놀러가야겠다.ㅋㅋㅋㅋ  ​  ​  ​  ​  ​  모두들 메리크리스마스!!!!  MERRY CHRISTMAS  ​  ​  ​  ​  ​  00​  ​  ​  ​  ​  #메리크리스마스 #크리스마스홈파티  #코스트코피자 #코스트코 #홈파티  ",10,13,0,1,23,0
222026976401,"# [카페/쌍문역] 바스크 치즈케이크가 유명한 카페 ""도봉관""  요즘은 날씨가 쨍쨍  혼자서 카페 가는 걸 좋아하는데 멀리 못 나가서  동네로 카페를 찾아가게 되는 .. 흑흑  ​  예전에 가보고 맘에 들어서 다시 가보기로 한 #도봉관  ​    ​  주말에는 사람이 워낙 많아서 자리를 잡을 수 없을 정도  평일 점심쯤 한산하게 가보기로!  ​  #쌍문역 가기 전쯤에 위치한 도봉관은  이 동네 없을법한 감성 카페  ㅋㅋㅋㅋㅋㅋ  ​    ​  오픈한지 얼마 안 돼서 사람이 없었고   나. 혼. 자.... 첫 손님이었던 듯  ㅎㅎㅎ  ​    ​  도봉관에 오면 꼭 먹어야 하는 게 있다!  바로 #바스크치즈케이크 를 먹어줘야 한다 냠냠  오리지널과 티라미수는 먹어봐서 이번엔 #말차바스크 로 선택   케이크와 무조건 아이스 아메리카노  ​  0​  ​  ​    ​  일층엔 조그맣게 자리가 있고  일층보단 이층 뷰가 좋아서 이층으로 고고  근데 계단이 좀 높고 경사져있어서 조심해야 해요!  무섭더라고요ᅲᅲᅲ  ​    ​  이층에 올라오면 통유리로 되어있어서 #햇살맛집 으로 사람들이 많이 찾는 거 같다  사람 없어서 너무 좋다   내가 빌린 기분ㅎㅎㅎㅎㅎ..ㅋㅋ  카페 전체 분위기는 따뜻한 느낌∗❛ัᴗ❛ั∗  ​    ​  한쪽에는 이렇게 따로 자리도 있다  ​    ​  기다리고 기다린   아이스 아메리카노와 말차 바스크 치즈케이크♥  통유리 배경에 나무 테이블이라 사진이 너무 잘 나왔어요  사람이 없어서ㅋㅋㅋ 맘 편히 찍었다  ​    ​  얼른 먹어볼까요?  보이세요? 촉촉촉 꾸덕꾸덕해 보이는 케이크  말차의 맛이 진하고 엄청 달지 않아서 좋았고 특히 커피랑 너무 잘 어울렸다  개인적으로는 오리지널이 더 입맛에 맞았고  말차도 나쁘지 않았다! 결론은 세 종류 #바스크치크케이크 가 다 맛있다는  도봉관에 오면 꼭 커피와 함께 먹어야 하는 필수 코스  ​    ​  옥상도 있는데... 요즘 날씨가 더워서   루프탑에 있긴 조금 무리가^^; 앗, 그리고 옥상은 금연존이네요~   나중에 봄, 가을이 오면 그땐 옥상에서 있어도 좋을 것 같다.  ​  ​  [https://instagram.com/dobongwan/](https://instagram.com/dobongwan/)  ​  ​  0​  ​  ""도봉관""  ​  전화   >   02-991-1231  주소   >   서울 도봉구 노해로 261  영업시간   >   매일 12:00 - 22:00  ",10,1,0,1,11,0
222006397901,"# 스타벅스 케이크 후기 혹은 리뷰, 가격, 칼로리 : 클라우드 치즈케이크, 번트 치즈케이크, 바움쿠헨 슈크림, 마스카포네 티라미수 케이크  오랜만에 스타벅스 케이크 폭식!  클라우드 치즈케이크, 번트 치즈케이크, 바움쿠헨 슈크림, 마스카포네 티라미수 까지!   스벅 케이크 리뷰 혹은 후기 & 가격 & 칼로리까지 다 알려드림.  ​  ---  요런저런 카페에서 커피와 케익을 먹지만,  프렌차이즈 카페 중에 먹을만한 케이크를 만드는 곳은  투썸 플레이스와 스타벅스 두 곳 정도가 아닌가 싶다.  ​  가끔 스타벅스 케이크 중에 목이 막힌다거나 퍽퍽한 놈들이 있기는 하지만,  그래도 대략 먹을만 한 케이크들이 있는 편.  ​    이번에 구입한 스타벅스 케익은  클라우드 치즈케이크, 번트 치즈케이크, 바움쿠헨 슈크림, 마스카포네 티라미수.  ​  선택한 케이크 중 3개가 치즈케이크 종류 ㅋㅋ  여기서 알 수 있는 매우 편협적인 입맛.  ​  사실 클라우드 치즈케이크 대신 블루베리 치즈케이크를 사고 싶었는데,  아쉽게도 매장에 없었다 ㅠㅠ  스타벅스에서 가장 사랑하는 케이크는 역시 블루베리 치즈케이크.  위에 올라간 블루베리는 별로지만   꾸덕한 레어 치즈케이크와 바닥과 옆면을 감싸고 있는 쿠키가 넘나 좋음.  어쨋든 오늘 리뷰에는 없음.  ​    ​  한번 사보았는데 4개의 케이크 중에 가장 맛있게 먹었던  슈크림 바움쿠헨 케이크.  가격은 6,900원이었던것 같다.  칼로리는 565kcal.  ​    가장 자리는 살짝 꾸덕 혹은 뻑뻑한 빵.  촉촉하고 부드러운 슈크림과 시트의 조합이 감미로운(?) 중앙 부분.  많이 달지도 않고 부드러운 것이 아주 맛이 좋았다.  ​  예전에는 케익에 빵 함량이 많은 것이 싫었는데,  요즘은 입맛이 변했는지...  촉촉한 슈크림과 부드러운 케이크 빵의 조합이 참으로 좋았다.  ​    스타벅스 번트 치즈케이크.  가격은 6,900원.  칼로리는 825kcal  슈벌.    전형적인 뉴욕치즈케이크 스타일?  특유의 구운 치즈케이크 향이랄까 풍미랄까...  꾸덕하고 진한 치즈 맛이 난다.  어린 날의 내가 좋아했던 맛인 것 같다.  지금 입맛으로는 너무 느끼했다.  게다가 윗 면의 시럽이 달았다. 물린다.  ​    스타벅스 클라우드 치즈케이크.  가격은 5,500원.  칼로리 586kcal    레어 치즈케이크 스타일에   좋게 말하면 새콤상큼하고, 나쁘게 말하면 시다 켁.  전체적으로 요거트 신 맛 같은 크림치즈(?) 맛이 강하다.  윗면에 사워크림인가 뭣인가가 올라가서 신 케이크를 더 시게 만든다.  ​  결국 윗면은 걷어내고 먹었다.  윗면이 없으면 레어 케이크에 아래에 쿠키가 깔려 있어서 그나마 먹을만 하다.  하지만 좀 더 달았으면 좋겠다.  ​    케이크 4개 중 3개 다먹고  느끼해서 양파링으로 입가심 함.  ​  치즈케이크 큰거 한통 다 먹어도 멀쩡하던  과거의 케이크 부심은 이제 부리기 힘듬.  ​  ​    다음날 먹은   스타벅스 마스카포네 티라미수 케이크  가격은 5,900원.  칼로리는 505kcal.  ​    크림위에 코코아 가루.  ​      부드럽고 촉촉한 크림과 부드러운 케이크 시트.  바닥에 깔린 시트에 커피물이 촉촉하게 적셔있어서  전체적으로 스르륵 촉촉하게 녹는다.  ​  몇번 퍽퍽 퍼먹으면 없어짐.  개인적으로 4개중에 요게 제일 무난하고 맛있다.  ​  ​  냠냠.  오늘도 잘 먹었다.  0​  ",12,1,0,0,11,0
